Elevation,Aspect,Slope,Horizontal_Distance_To_Hydrology,Vertical_Distance_To_Hydrology,Horizontal_Distance_To_Roadways,Hillshade_9am,Hillshade_Noon,Hillshade_3pm,Horizontal_Distance_To_Fire_Points,Soil_Type,Wilderness_Area,Cover_Type
3293.0,301.0,22.0,511.0,79.0,1784.0,153.0,224.0,209.0,3158.0,38,0,1
3264.0,27.0,11.0,700.0,59.0,3407.0,215.0,217.0,137.0,4262.0,22,0,1
3008.0,329.0,20.0,228.0,3.0,5730.0,167.0,211.0,182.0,1940.0,21,0,1
2758.0,21.0,19.0,108.0,-32.0,108.0,205.0,197.0,124.0,335.0,29,0,1
3045.0,343.0,19.0,192.0,54.0,301.0,180.0,208.0,166.0,1719.0,21,2,1
3209.0,221.0,5.0,510.0,51.0,5996.0,214.0,245.0,168.0,2466.0,21,0,1
2882.0,320.0,22.0,268.0,92.0,2138.0,156.0,212.0,193.0,1288.0,32,2,1
2974.0,157.0,2.0,90.0,1.0,2531.0,221.0,239.0,154.0,1839.0,28,0,1
3351.0,11.0,13.0,391.0,64.0,2142.0,206.0,213.0,143.0,1482.0,30,2,1
3100.0,26.0,16.0,309.0,4.0,3886.0,211.0,204.0,125.0,4956.0,28,0,1
3054.0,351.0,17.0,150.0,57.0,768.0,188.0,209.0,157.0,2553.0,28,0,1
2966.0,21.0,4.0,190.0,13.0,4805.0,217.0,231.0,151.0,2334.0,28,0,1
3108.0,273.0,21.0,417.0,71.0,3255.0,160.0,241.0,217.0,1471.0,23,2,1
3138.0,19.0,14.0,240.0,84.0,3590.0,208.0,209.0,135.0,1560.0,30,2,1
2932.0,39.0,9.0,242.0,37.0,741.0,221.0,219.0,133.0,1698.0,31,2,1
3372.0,158.0,13.0,685.0,166.0,1316.0,233.0,242.0,137.0,1954.0,31,2,1
3223.0,54.0,16.0,577.0,119.0,2930.0,228.0,204.0,105.0,1848.0,30,2,1
2998.0,4.0,15.0,228.0,65.0,551.0,199.0,209.0,146.0,1718.0,23,2,1
2926.0,93.0,13.0,0.0,0.0,4643.0,240.0,220.0,108.0,3678.0,22,0,1
3121.0,231.0,10.0,558.0,-17.0,2843.0,204.0,249.0,182.0,600.0,31,2,1
2963.0,90.0,5.0,30.0,-3.0,2620.0,227.0,232.0,139.0,1771.0,21,2,1
3209.0,125.0,6.0,192.0,14.0,5334.0,230.0,236.0,139.0,1191.0,28,0,1
3188.0,42.0,11.0,384.0,44.0,3079.0,222.0,215.0,127.0,2779.0,31,2,1
3116.0,66.0,20.0,295.0,84.0,2760.0,235.0,195.0,84.0,981.0,23,2,1
3032.0,59.0,7.0,85.0,-3.0,3246.0,226.0,226.0,134.0,5330.0,28,0,1
3211.0,129.0,6.0,247.0,-14.0,4266.0,230.0,236.0,139.0,1075.0,37,0,1
3217.0,309.0,10.0,192.0,34.0,876.0,193.0,234.0,180.0,721.0,31,1,1
3223.0,121.0,11.0,255.0,42.0,1776.0,239.0,231.0,120.0,1406.0,22,1,1
3124.0,220.0,11.0,85.0,0.0,2391.0,207.0,251.0,179.0,382.0,22,2,1
3486.0,297.0,30.0,95.0,52.0,2914.0,123.0,214.0,224.0,2098.0,39,0,1
3129.0,123.0,11.0,85.0,13.0,2340.0,239.0,232.0,122.0,3166.0,23,2,1
2913.0,119.0,6.0,30.0,-6.0,1131.0,231.0,235.0,137.0,3049.0,22,0,1
3026.0,18.0,5.0,30.0,0.0,1954.0,216.0,230.0,151.0,1590.0,22,0,1
3201.0,275.0,19.0,351.0,58.0,4522.0,165.0,241.0,213.0,1216.0,28,0,1
3144.0,68.0,4.0,0.0,0.0,2565.0,224.0,231.0,142.0,2455.0,22,0,1
3271.0,15.0,20.0,90.0,14.0,2574.0,199.0,195.0,128.0,1368.0,34,0,1
3385.0,299.0,12.0,391.0,70.0,1677.0,187.0,236.0,189.0,2001.0,31,2,1
2773.0,132.0,12.0,30.0,-3.0,3412.0,239.0,234.0,123.0,3072.0,22,0,1
3203.0,281.0,11.0,182.0,30.0,2858.0,189.0,241.0,192.0,853.0,30,2,1
3292.0,156.0,20.0,492.0,131.0,1718.0,238.0,238.0,120.0,1289.0,32,1,1
3437.0,357.0,13.0,779.0,68.0,2490.0,199.0,216.0,154.0,1374.0,31,2,1
2880.0,319.0,15.0,162.0,23.0,2574.0,181.0,226.0,184.0,2335.0,23,2,1
3406.0,225.0,8.0,300.0,11.0,2873.0,209.0,248.0,175.0,1944.0,31,2,1
2812.0,66.0,3.0,564.0,24.0,824.0,222.0,233.0,147.0,1396.0,10,2,1
3259.0,111.0,13.0,524.0,14.0,743.0,242.0,225.0,110.0,5734.0,39,1,1
3029.0,81.0,3.0,30.0,1.0,1343.0,223.0,234.0,146.0,2678.0,28,0,1
2959.0,132.0,26.0,180.0,39.0,1071.0,251.0,216.0,75.0,3009.0,21,0,1
3190.0,143.0,7.0,67.0,-2.0,2232.0,231.0,239.0,141.0,1621.0,22,2,1
2983.0,41.0,21.0,120.0,-6.0,470.0,217.0,189.0,98.0,1140.0,28,0,1
2833.0,40.0,7.0,30.0,0.0,1142.0,221.0,224.0,138.0,1383.0,22,2,1
3076.0,63.0,4.0,573.0,108.0,417.0,224.0,231.0,143.0,1003.0,32,2,1
3169.0,322.0,22.0,524.0,3.0,693.0,159.0,212.0,191.0,1752.0,32,1,1
3152.0,337.0,7.0,120.0,15.0,824.0,204.0,230.0,165.0,1218.0,21,1,1
3125.0,0.0,16.0,300.0,65.0,1325.0,195.0,209.0,150.0,2311.0,31,2,1
3024.0,333.0,5.0,0.0,0.0,3013.0,208.0,233.0,164.0,481.0,22,0,1
3281.0,139.0,16.0,808.0,165.0,2520.0,242.0,233.0,115.0,2431.0,32,2,1
3311.0,312.0,13.0,636.0,77.0,4590.0,185.0,230.0,185.0,1100.0,38,2,1
3177.0,113.0,21.0,379.0,135.0,3057.0,250.0,214.0,82.0,2915.0,28,0,1
3099.0,13.0,8.0,42.0,3.0,4386.0,213.0,225.0,149.0,3395.0,21,0,1
2947.0,20.0,15.0,210.0,2.0,1976.0,208.0,208.0,134.0,3132.0,32,2,1
3078.0,137.0,11.0,30.0,-4.0,2671.0,237.0,236.0,128.0,3529.0,22,0,1
3008.0,72.0,30.0,150.0,79.0,2148.0,238.0,169.0,41.0,2802.0,32,2,1
3254.0,38.0,17.0,120.0,0.0,1722.0,218.0,202.0,114.0,2792.0,38,0,1
3446.0,59.0,3.0,816.0,161.0,2391.0,221.0,233.0,148.0,1290.0,34,0,1
3322.0,202.0,28.0,443.0,129.0,700.0,195.0,251.0,175.0,938.0,21,0,1
3117.0,82.0,13.0,339.0,-67.0,1879.0,237.0,218.0,109.0,1544.0,28,0,1
3004.0,0.0,12.0,484.0,85.0,5068.0,202.0,217.0,152.0,5840.0,11,0,1
2954.0,120.0,7.0,85.0,8.0,5311.0,232.0,235.0,136.0,2089.0,28,0,1
3257.0,318.0,19.0,644.0,39.0,3653.0,166.0,219.0,191.0,1318.0,21,2,1
3190.0,305.0,13.0,626.0,66.0,3528.0,184.0,233.0,189.0,1221.0,21,2,1
3179.0,107.0,21.0,170.0,11.0,4006.0,250.0,211.0,79.0,577.0,32,2,1
3067.0,173.0,18.0,247.0,43.0,3558.0,228.0,246.0,143.0,2704.0,29,0,1
2856.0,115.0,22.0,390.0,94.0,402.0,252.0,212.0,76.0,514.0,32,2,1
3164.0,64.0,22.0,362.0,95.0,2981.0,234.0,188.0,75.0,912.0,23,2,1
3130.0,14.0,4.0,60.0,1.0,2563.0,216.0,231.0,153.0,1237.0,28,0,1
3145.0,292.0,15.0,95.0,18.0,2312.0,178.0,236.0,198.0,960.0,22,2,1
3026.0,276.0,13.0,67.0,8.0,3225.0,185.0,242.0,197.0,972.0,31,2,1
2973.0,346.0,8.0,247.0,-52.0,671.0,205.0,228.0,161.0,1092.0,30,2,1
3273.0,300.0,21.0,30.0,18.0,6173.0,158.0,227.0,208.0,216.0,21,0,1
3005.0,115.0,10.0,150.0,-9.0,1657.0,237.0,231.0,124.0,1291.0,28,0,1
3121.0,27.0,11.0,361.0,40.0,1410.0,216.0,216.0,136.0,3178.0,32,2,1
3152.0,323.0,5.0,180.0,-5.0,4594.0,207.0,235.0,166.0,1321.0,28,0,1
3070.0,351.0,14.0,42.0,8.0,1020.0,195.0,216.0,159.0,242.0,22,2,1
3218.0,135.0,2.0,595.0,81.0,2361.0,222.0,238.0,151.0,516.0,22,2,1
3179.0,326.0,15.0,150.0,21.0,4531.0,182.0,222.0,179.0,1698.0,22,0,1
3157.0,122.0,4.0,0.0,0.0,480.0,228.0,236.0,143.0,1445.0,22,0,1
3191.0,107.0,9.0,0.0,0.0,371.0,235.0,230.0,126.0,2010.0,21,0,1
3407.0,120.0,8.0,90.0,7.0,1894.0,234.0,234.0,132.0,3160.0,34,1,1
3220.0,48.0,18.0,30.0,6.0,1342.0,224.0,197.0,101.0,2652.0,29,0,1
3286.0,212.0,10.0,591.0,125.0,1063.0,211.0,250.0,173.0,1785.0,12,1,1
2784.0,23.0,18.0,342.0,71.0,2676.0,207.0,200.0,124.0,182.0,30,2,1
3224.0,69.0,13.0,384.0,10.0,3885.0,233.0,214.0,110.0,3132.0,22,0,1
3331.0,236.0,13.0,85.0,10.0,2008.0,198.0,251.0,189.0,1989.0,31,2,1
3145.0,136.0,14.0,60.0,3.0,1233.0,240.0,234.0,120.0,2470.0,28,0,1
3008.0,46.0,22.0,216.0,49.0,5134.0,221.0,188.0,92.0,2560.0,28,0,1
3212.0,222.0,11.0,404.0,57.0,2068.0,206.0,251.0,180.0,1902.0,30,2,1
2960.0,28.0,20.0,90.0,12.0,1570.0,208.0,193.0,115.0,3466.0,28,0,1
3016.0,305.0,17.0,85.0,-1.0,3448.0,170.0,228.0,198.0,1129.0,21,2,1
3101.0,135.0,4.0,42.0,0.0,4067.0,226.0,238.0,146.0,1355.0,22,0,1
3028.0,18.0,12.0,30.0,6.0,1966.0,211.0,215.0,140.0,1471.0,28,0,1
3146.0,325.0,24.0,153.0,15.0,2460.0,152.0,205.0,189.0,2877.0,28,0,1
3290.0,276.0,13.0,90.0,14.0,5476.0,185.0,242.0,197.0,711.0,37,0,1
3220.0,0.0,4.0,60.0,3.0,5910.0,214.0,232.0,156.0,1134.0,21,0,1
3334.0,346.0,6.0,470.0,61.0,1025.0,209.0,231.0,160.0,1233.0,22,1,1
3277.0,129.0,15.0,67.0,22.0,5937.0,243.0,230.0,112.0,418.0,37,0,1
3173.0,328.0,24.0,283.0,67.0,1355.0,156.0,205.0,185.0,2907.0,29,0,1
3369.0,45.0,13.0,365.0,14.0,1124.0,223.0,211.0,120.0,3803.0,37,1,1
3149.0,252.0,9.0,134.0,6.0,4482.0,200.0,247.0,185.0,997.0,29,0,1
3095.0,306.0,13.0,30.0,4.0,3797.0,183.0,232.0,189.0,1064.0,21,2,1
3008.0,42.0,19.0,295.0,41.0,4794.0,219.0,195.0,104.0,1584.0,28,0,1
2767.0,129.0,12.0,190.0,43.0,1803.0,240.0,233.0,121.0,342.0,30,2,1
3051.0,7.0,8.0,0.0,0.0,2568.0,211.0,225.0,151.0,778.0,22,2,1
2854.0,4.0,12.0,127.0,36.0,150.0,204.0,216.0,149.0,1392.0,29,0,1
2547.0,17.0,9.0,124.0,0.0,1006.0,213.0,222.0,145.0,607.0,8,0,1
3152.0,54.0,6.0,361.0,39.0,3882.0,224.0,227.0,138.0,3301.0,28,0,1
3240.0,241.0,8.0,60.0,6.0,3222.0,204.0,247.0,181.0,1384.0,30,2,1
3198.0,300.0,25.0,108.0,26.0,3928.0,142.0,220.0,214.0,1559.0,28,0,1
3389.0,122.0,16.0,691.0,60.0,1153.0,245.0,226.0,105.0,4134.0,37,1,1
3086.0,38.0,8.0,150.0,-3.0,4084.0,220.0,222.0,137.0,2717.0,28,0,1
2966.0,225.0,0.0,0.0,0.0,150.0,218.0,238.0,157.0,967.0,22,0,1
3211.0,84.0,9.0,408.0,56.0,4477.0,233.0,225.0,125.0,2657.0,28,0,1
2951.0,266.0,11.0,0.0,0.0,2586.0,193.0,245.0,191.0,735.0,18,2,1
3339.0,278.0,15.0,242.0,-5.0,5342.0,177.0,241.0,203.0,886.0,38,0,1
3068.0,15.0,12.0,134.0,10.0,3966.0,209.0,215.0,142.0,659.0,21,0,1
3243.0,206.0,27.0,255.0,85.0,1699.0,193.0,252.0,180.0,4172.0,31,1,1
3179.0,16.0,14.0,418.0,53.0,2079.0,207.0,209.0,137.0,2621.0,23,2,1
3239.0,305.0,19.0,192.0,43.0,335.0,163.0,225.0,201.0,566.0,32,1,1
3148.0,309.0,15.0,391.0,72.0,3111.0,179.0,230.0,191.0,1291.0,12,2,1
2615.0,39.0,10.0,162.0,-3.0,3267.0,221.0,219.0,132.0,2737.0,10,2,1
3116.0,329.0,13.0,201.0,-6.0,1756.0,189.0,225.0,175.0,2629.0,31,2,1
3137.0,169.0,1.0,726.0,56.0,1765.0,220.0,239.0,156.0,2780.0,31,2,1
2964.0,244.0,9.0,175.0,30.0,3951.0,202.0,248.0,184.0,658.0,28,0,1
3158.0,17.0,10.0,573.0,77.0,1158.0,212.0,219.0,144.0,2454.0,31,2,1
2983.0,2.0,14.0,234.0,58.0,569.0,200.0,214.0,150.0,1761.0,23,2,1
3126.0,319.0,14.0,127.0,20.0,4294.0,183.0,226.0,183.0,1271.0,28,0,1
3059.0,19.0,19.0,484.0,16.0,1110.0,202.0,195.0,124.0,1987.0,23,2,1
3201.0,305.0,6.0,600.0,26.0,3986.0,204.0,237.0,172.0,4134.0,28,0,1
3235.0,198.0,8.0,339.0,37.0,3140.0,218.0,247.0,164.0,1583.0,22,2,1
3255.0,337.0,23.0,134.0,59.0,1682.0,162.0,200.0,173.0,2584.0,32,2,1
3337.0,290.0,9.0,400.0,69.0,3135.0,195.0,239.0,183.0,1866.0,37,0,1
2886.0,54.0,6.0,30.0,-3.0,2797.0,224.0,227.0,138.0,1749.0,19,2,1
3233.0,59.0,12.0,272.0,-14.0,638.0,229.0,214.0,116.0,2342.0,21,0,1
2946.0,110.0,24.0,474.0,26.0,379.0,252.0,206.0,68.0,566.0,32,2,1
2847.0,136.0,14.0,42.0,9.0,2631.0,240.0,234.0,120.0,2529.0,29,0,1
2968.0,352.0,7.0,513.0,141.0,4992.0,208.0,229.0,158.0,5227.0,19,0,1
3207.0,81.0,6.0,67.0,0.0,4902.0,228.0,230.0,136.0,1954.0,21,0,1
3375.0,262.0,13.0,283.0,57.0,1806.0,189.0,246.0,196.0,1999.0,31,2,1
2970.0,324.0,14.0,67.0,5.0,3394.0,183.0,224.0,180.0,2007.0,21,2,1
3460.0,315.0,2.0,664.0,91.0,2610.0,214.0,237.0,161.0,1477.0,37,2,1
3132.0,142.0,11.0,30.0,5.0,874.0,236.0,238.0,131.0,2268.0,18,1,1
3133.0,91.0,11.0,42.0,-1.0,1529.0,237.0,223.0,117.0,470.0,31,2,1
2967.0,154.0,9.0,85.0,9.0,4376.0,231.0,241.0,141.0,2084.0,29,0,1
3133.0,17.0,7.0,240.0,30.0,2147.0,214.0,225.0,147.0,2162.0,28,0,1
3255.0,258.0,7.0,313.0,9.0,4429.0,204.0,244.0,179.0,696.0,37,0,1
3266.0,70.0,13.0,90.0,27.0,5815.0,233.0,214.0,111.0,631.0,21,0,1
3357.0,211.0,13.0,543.0,151.0,1897.0,209.0,252.0,176.0,1362.0,31,2,1
3071.0,45.0,4.0,67.0,2.0,1932.0,221.0,231.0,147.0,1320.0,21,2,1
3060.0,196.0,7.0,0.0,0.0,3092.0,219.0,246.0,162.0,5711.0,19,0,1
2938.0,244.0,39.0,216.0,157.0,2496.0,116.0,236.0,236.0,1698.0,12,2,1
3252.0,109.0,22.0,342.0,71.0,4080.0,251.0,209.0,74.0,969.0,32,2,1
3436.0,146.0,17.0,488.0,67.0,2760.0,241.0,235.0,118.0,1667.0,31,2,1
2982.0,328.0,11.0,319.0,60.0,1294.0,194.0,228.0,173.0,3065.0,21,0,1
2983.0,61.0,8.0,67.0,1.0,3923.0,227.0,223.0,129.0,2544.0,28,0,1
3111.0,340.0,13.0,120.0,26.0,470.0,192.0,220.0,167.0,837.0,22,1,1
3011.0,302.0,4.0,810.0,39.0,5773.0,207.0,238.0,169.0,6331.0,11,0,1
3035.0,80.0,5.0,60.0,-4.0,3216.0,227.0,230.0,137.0,5356.0,19,0,1
2873.0,23.0,10.0,454.0,28.0,2802.0,214.0,218.0,139.0,3606.0,22,0,1
2929.0,50.0,11.0,30.0,-1.0,1800.0,225.0,217.0,125.0,1679.0,22,0,1
3230.0,213.0,18.0,457.0,136.0,3259.0,201.0,254.0,184.0,789.0,32,2,1
3219.0,4.0,17.0,484.0,113.0,1110.0,195.0,204.0,144.0,2202.0,21,2,1
2891.0,290.0,13.0,270.0,64.0,2907.0,184.0,238.0,194.0,2118.0,21,2,1
3086.0,264.0,11.0,216.0,53.0,1528.0,193.0,245.0,191.0,1296.0,22,2,1
3039.0,126.0,6.0,210.0,3.0,933.0,231.0,236.0,138.0,1641.0,21,2,1
2982.0,79.0,7.0,134.0,19.0,162.0,230.0,227.0,130.0,1184.0,21,0,1
3137.0,349.0,8.0,351.0,-40.0,872.0,206.0,227.0,160.0,999.0,21,1,1
3169.0,62.0,6.0,60.0,-7.0,2215.0,225.0,228.0,138.0,806.0,22,0,1
2956.0,218.0,35.0,150.0,0.0,1310.0,161.0,247.0,200.0,2727.0,32,2,1
3231.0,86.0,10.0,201.0,6.0,4603.0,234.0,224.0,120.0,2213.0,22,0,1
3080.0,321.0,15.0,182.0,38.0,3522.0,182.0,224.0,182.0,618.0,28,0,1
3054.0,89.0,10.0,30.0,5.0,3192.0,236.0,224.0,119.0,2534.0,28,0,1
3122.0,311.0,4.0,150.0,-3.0,1613.0,208.0,237.0,168.0,741.0,22,2,1
3212.0,54.0,4.0,30.0,10.0,1689.0,222.0,230.0,143.0,666.0,30,2,1
3190.0,351.0,14.0,912.0,115.0,1430.0,195.0,215.0,158.0,2460.0,31,2,1
3092.0,272.0,9.0,30.0,4.0,1956.0,197.0,243.0,185.0,543.0,22,2,1
3090.0,67.0,2.0,120.0,-1.0,4025.0,221.0,235.0,151.0,1259.0,22,0,1
3037.0,184.0,12.0,402.0,49.0,5743.0,223.0,248.0,156.0,1851.0,28,0,1
3290.0,19.0,10.0,420.0,34.0,5249.0,213.0,219.0,142.0,390.0,37,0,1
3152.0,298.0,16.0,513.0,28.0,3596.0,174.0,233.0,198.0,1320.0,21,2,1
3258.0,108.0,17.0,782.0,142.0,2370.0,246.0,219.0,96.0,2468.0,32,2,1
3000.0,349.0,15.0,150.0,23.0,4413.0,192.0,214.0,160.0,270.0,28,0,1
3079.0,15.0,11.0,90.0,19.0,1388.0,211.0,218.0,143.0,2574.0,23,2,1
3010.0,150.0,9.0,60.0,0.0,404.0,233.0,240.0,138.0,1040.0,22,0,1
3342.0,285.0,8.0,577.0,65.0,1006.0,198.0,240.0,182.0,1140.0,22,1,1
3152.0,79.0,8.0,361.0,42.0,1982.0,231.0,225.0,126.0,3122.0,23,2,1
3379.0,149.0,22.0,255.0,67.0,4403.0,242.0,232.0,107.0,3100.0,32,2,1
2951.0,88.0,20.0,306.0,-15.0,470.0,245.0,204.0,80.0,420.0,28,0,1
3156.0,270.0,12.0,85.0,8.0,1318.0,188.0,244.0,195.0,1266.0,39,1,1
3119.0,9.0,8.0,190.0,34.0,1926.0,211.0,224.0,150.0,1739.0,28,0,1
2811.0,58.0,13.0,85.0,13.0,2308.0,229.0,212.0,114.0,3104.0,28,0,1
3146.0,35.0,20.0,277.0,78.0,1325.0,213.0,193.0,108.0,268.0,21,0,1
2901.0,0.0,17.0,732.0,171.0,300.0,194.0,207.0,149.0,1321.0,9,2,2
2515.0,263.0,17.0,30.0,-2.0,2296.0,174.0,246.0,209.0,2234.0,16,2,2
2966.0,260.0,30.0,201.0,64.0,870.0,135.0,240.0,234.0,1022.0,12,2,2
2675.0,343.0,21.0,85.0,13.0,1543.0,172.0,202.0,166.0,1445.0,23,2,2
3054.0,86.0,3.0,309.0,7.0,3842.0,224.0,234.0,145.0,2100.0,28,0,2
3003.0,12.0,12.0,228.0,6.0,1725.0,208.0,216.0,144.0,1414.0,30,2,2
2599.0,91.0,13.0,190.0,53.0,930.0,240.0,219.0,108.0,3453.0,28,0,2
3017.0,220.0,16.0,598.0,196.0,1376.0,200.0,253.0,187.0,351.0,12,2,2
2798.0,90.0,12.0,60.0,7.0,2568.0,238.0,221.0,112.0,2324.0,11,0,2
3008.0,254.0,15.0,633.0,102.0,5770.0,185.0,248.0,201.0,4713.0,28,0,2
3021.0,257.0,10.0,745.0,49.0,5673.0,196.0,246.0,189.0,6253.0,28,0,2
2632.0,145.0,10.0,30.0,-2.0,1284.0,234.0,239.0,135.0,1570.0,10,2,2
2985.0,67.0,6.0,283.0,39.0,2006.0,227.0,228.0,135.0,836.0,29,0,2
3162.0,140.0,12.0,511.0,49.0,3437.0,237.0,236.0,128.0,3361.0,28,0,2
2958.0,82.0,10.0,631.0,13.0,767.0,234.0,222.0,119.0,1879.0,28,0,2
2984.0,68.0,10.0,524.0,35.0,1114.0,231.0,220.0,121.0,2227.0,28,0,2
2959.0,100.0,12.0,283.0,0.0,3501.0,240.0,223.0,111.0,1116.0,28,0,2
2982.0,130.0,4.0,216.0,43.0,1632.0,226.0,237.0,146.0,607.0,31,2,2
3277.0,99.0,10.0,335.0,41.0,5479.0,236.0,227.0,121.0,1019.0,28,0,2
2749.0,78.0,19.0,30.0,7.0,2657.0,241.0,202.0,84.0,2106.0,23,2,2
2911.0,167.0,12.0,277.0,64.0,1679.0,230.0,244.0,145.0,2177.0,12,2,2
3153.0,345.0,21.0,552.0,56.0,3655.0,172.0,201.0,164.0,1626.0,38,2,2
2975.0,221.0,9.0,180.0,29.0,3137.0,210.0,249.0,175.0,1216.0,12,2,2
2926.0,173.0,14.0,350.0,77.0,3154.0,228.0,246.0,147.0,3407.0,29,0,2
2825.0,90.0,7.0,488.0,33.0,1785.0,231.0,229.0,130.0,1236.0,11,0,2
2995.0,315.0,22.0,391.0,148.0,5810.0,157.0,216.0,197.0,4878.0,23,0,2
2846.0,21.0,23.0,240.0,36.0,816.0,197.0,183.0,114.0,1120.0,32,2,2
2938.0,323.0,2.0,95.0,1.0,1531.0,213.0,236.0,161.0,256.0,31,2,2
3250.0,103.0,18.0,300.0,55.0,150.0,247.0,214.0,89.0,603.0,31,1,2
3049.0,13.0,13.0,190.0,44.0,4484.0,207.0,214.0,142.0,1041.0,28,0,2
2551.0,45.0,5.0,190.0,14.0,774.0,221.0,229.0,143.0,859.0,8,0,2
2983.0,21.0,8.0,376.0,61.0,947.0,215.0,223.0,145.0,871.0,30,2,2
3270.0,317.0,19.0,582.0,176.0,3309.0,165.0,219.0,192.0,3449.0,39,2,2
3112.0,328.0,18.0,418.0,75.0,2284.0,173.0,216.0,181.0,1101.0,30,2,2
2945.0,263.0,12.0,443.0,49.0,5581.0,189.0,246.0,196.0,5435.0,28,0,2
3118.0,145.0,13.0,192.0,26.0,108.0,238.0,237.0,127.0,4054.0,21,1,2
3067.0,20.0,6.0,30.0,0.0,3209.0,216.0,228.0,149.0,1146.0,22,0,2
2801.0,56.0,17.0,85.0,-2.0,3463.0,229.0,203.0,101.0,1786.0,9,2,2
2900.0,323.0,14.0,175.0,46.0,3967.0,184.0,225.0,180.0,5878.0,28,0,2
2793.0,153.0,22.0,285.0,88.0,1684.0,241.0,234.0,111.0,2244.0,9,2,2
2779.0,105.0,13.0,190.0,30.0,1682.0,241.0,224.0,110.0,2634.0,28,0,2
2942.0,270.0,6.0,339.0,131.0,4906.0,205.0,242.0,176.0,4933.0,28,0,2
2538.0,27.0,13.0,300.0,34.0,360.0,214.0,212.0,132.0,858.0,11,0,2
2882.0,32.0,15.0,60.0,4.0,365.0,216.0,205.0,122.0,2304.0,22,0,2
3096.0,0.0,18.0,743.0,108.0,3985.0,190.0,203.0,147.0,2527.0,28,0,2
2950.0,144.0,15.0,108.0,22.0,1926.0,240.0,236.0,121.0,2697.0,31,2,2
2680.0,57.0,14.0,301.0,63.0,960.0,229.0,209.0,110.0,684.0,28,0,2
2841.0,67.0,4.0,488.0,63.0,1991.0,223.0,232.0,144.0,2903.0,22,0,2
3154.0,34.0,7.0,630.0,-40.0,685.0,219.0,224.0,141.0,1421.0,21,1,2
2645.0,32.0,19.0,210.0,-24.0,1765.0,212.0,196.0,113.0,1563.0,9,2,2
2961.0,181.0,12.0,577.0,40.0,2828.0,224.0,248.0,154.0,2259.0,25,2,2
2881.0,73.0,22.0,616.0,200.0,920.0,239.0,193.0,73.0,457.0,32,2,2
2882.0,279.0,12.0,210.0,38.0,2226.0,186.0,242.0,195.0,1260.0,22,2,2
2785.0,122.0,6.0,376.0,29.0,2173.0,230.0,235.0,138.0,1765.0,11,0,2
3235.0,117.0,10.0,201.0,69.0,1543.0,237.0,231.0,125.0,1461.0,28,0,2
2968.0,309.0,13.0,247.0,47.0,1866.0,185.0,231.0,186.0,713.0,30,2,2
2957.0,256.0,2.0,175.0,5.0,1312.0,214.0,240.0,163.0,309.0,31,2,2
2906.0,76.0,14.0,268.0,42.0,3037.0,236.0,214.0,106.0,2523.0,11,0,2
2903.0,236.0,33.0,319.0,204.0,2240.0,145.0,247.0,223.0,1090.0,12,2,2
3160.0,227.0,24.0,808.0,69.0,4195.0,179.0,254.0,203.0,1048.0,32,2,2
3148.0,352.0,7.0,361.0,39.0,1530.0,208.0,229.0,158.0,1036.0,23,1,2
2999.0,89.0,9.0,350.0,54.0,3880.0,234.0,225.0,122.0,1875.0,28,0,2
3034.0,61.0,17.0,212.0,-9.0,4325.0,231.0,202.0,98.0,2491.0,28,0,2
3096.0,170.0,8.0,124.0,3.0,6161.0,226.0,244.0,150.0,2509.0,28,0,2
2768.0,159.0,14.0,90.0,15.0,3113.0,234.0,242.0,134.0,2903.0,29,0,2
2932.0,291.0,10.0,339.0,57.0,3708.0,192.0,239.0,186.0,5314.0,28,0,2
3018.0,153.0,11.0,594.0,99.0,5710.0,233.0,241.0,138.0,3200.0,28,0,2
2749.0,88.0,7.0,85.0,16.0,1230.0,231.0,228.0,129.0,1490.0,11,0,2
2929.0,128.0,34.0,162.0,75.0,6224.0,252.0,198.0,44.0,4269.0,29,0,2
2963.0,226.0,15.0,272.0,29.0,1511.0,197.0,253.0,190.0,1371.0,30,2,2
2765.0,59.0,16.0,120.0,30.0,1507.0,231.0,205.0,102.0,2451.0,22,0,2
2840.0,47.0,8.0,108.0,-5.0,2598.0,223.0,223.0,134.0,2245.0,28,0,2
3276.0,192.0,20.0,228.0,37.0,3348.0,214.0,251.0,163.0,1190.0,31,2,2
2993.0,286.0,18.0,85.0,13.0,446.0,167.0,237.0,208.0,1691.0,23,2,2
2795.0,144.0,7.0,277.0,59.0,1159.0,230.0,239.0,142.0,430.0,33,2,2
3208.0,198.0,3.0,660.0,33.0,671.0,218.0,242.0,160.0,845.0,31,2,2
2963.0,116.0,10.0,400.0,3.0,1205.0,238.0,230.0,122.0,1981.0,22,0,2
2973.0,160.0,5.0,711.0,178.0,2858.0,225.0,241.0,150.0,1131.0,33,2,2
2942.0,55.0,12.0,201.0,6.0,4036.0,227.0,215.0,119.0,4855.0,28,0,2
2847.0,15.0,9.0,474.0,92.0,2583.0,212.0,221.0,146.0,2706.0,11,0,2
2511.0,98.0,8.0,175.0,8.0,247.0,234.0,228.0,126.0,2940.0,19,0,2
3119.0,144.0,12.0,218.0,0.0,2135.0,237.0,237.0,128.0,2010.0,31,2,2
3310.0,320.0,16.0,722.0,182.0,1245.0,176.0,223.0,186.0,2227.0,32,2,2
2685.0,31.0,16.0,85.0,18.0,1624.0,214.0,203.0,120.0,1259.0,9,2,2
3035.0,119.0,22.0,417.0,233.0,2185.0,251.0,215.0,81.0,1800.0,12,2,2
3004.0,229.0,15.0,720.0,104.0,5848.0,196.0,253.0,191.0,3894.0,28,0,2
2749.0,82.0,7.0,60.0,4.0,297.0,230.0,228.0,132.0,2538.0,30,2,2
3243.0,310.0,8.0,450.0,9.0,242.0,197.0,234.0,177.0,1020.0,31,2,2
2726.0,108.0,26.0,212.0,123.0,1549.0,253.0,199.0,57.0,1032.0,12,2,2
3006.0,13.0,20.0,150.0,22.0,190.0,196.0,194.0,130.0,1262.0,23,2,2
2998.0,103.0,22.0,212.0,46.0,4071.0,250.0,206.0,72.0,2279.0,28,0,2
3017.0,240.0,29.0,182.0,101.0,2814.0,155.0,249.0,221.0,2245.0,32,2,2
3115.0,56.0,16.0,234.0,46.0,4410.0,229.0,204.0,104.0,2308.0,28,0,2
3078.0,131.0,9.0,552.0,15.0,1744.0,235.0,235.0,131.0,2412.0,28,0,2
3018.0,207.0,22.0,277.0,112.0,2704.0,200.0,254.0,180.0,1710.0,32,2,2
2953.0,0.0,15.0,767.0,155.0,3078.0,197.0,211.0,150.0,859.0,9,2,2
3034.0,279.0,18.0,671.0,134.0,5799.0,167.0,239.0,211.0,4211.0,28,0,2
2492.0,261.0,22.0,190.0,59.0,426.0,160.0,245.0,220.0,108.0,9,3,2
2969.0,53.0,5.0,511.0,16.0,886.0,223.0,229.0,142.0,2022.0,28,0,2
2618.0,117.0,15.0,234.0,-13.0,1165.0,244.0,225.0,106.0,365.0,29,0,2
2677.0,139.0,9.0,0.0,0.0,2223.0,234.0,238.0,135.0,1906.0,29,0,2
3056.0,104.0,9.0,433.0,-6.0,255.0,235.0,229.0,126.0,1471.0,22,2,2
2657.0,104.0,15.0,361.0,22.0,1170.0,245.0,219.0,99.0,1184.0,22,0,2
2730.0,180.0,4.0,0.0,0.0,1099.0,221.0,242.0,156.0,1631.0,11,0,2
3243.0,174.0,7.0,384.0,13.0,4592.0,224.0,244.0,153.0,807.0,28,0,2
2916.0,107.0,6.0,162.0,7.0,4592.0,231.0,232.0,134.0,1698.0,29,0,2
2804.0,132.0,24.0,360.0,138.0,2242.0,250.0,219.0,82.0,2182.0,3,2,2
3058.0,0.0,5.0,108.0,3.0,1209.0,213.0,231.0,156.0,1801.0,28,0,2
2695.0,79.0,9.0,85.0,15.0,1317.0,232.0,224.0,124.0,1931.0,22,0,2
2936.0,47.0,10.0,283.0,66.0,1902.0,224.0,219.0,129.0,2489.0,31,2,2
2786.0,208.0,11.0,443.0,60.0,3912.0,212.0,251.0,173.0,1725.0,25,2,2
2893.0,315.0,17.0,108.0,26.0,3046.0,173.0,224.0,190.0,2197.0,28,0,2
2850.0,70.0,21.0,330.0,153.0,872.0,237.0,194.0,78.0,1073.0,12,2,2
3116.0,270.0,3.0,67.0,-4.0,2230.0,211.0,240.0,168.0,2089.0,31,2,2
3005.0,48.0,7.0,360.0,28.0,4777.0,223.0,225.0,137.0,3625.0,28,0,2
2815.0,71.0,19.0,30.0,14.0,1952.0,237.0,200.0,87.0,1337.0,32,2,2
2998.0,307.0,7.0,150.0,7.0,5234.0,200.0,236.0,176.0,4663.0,28,0,2
2641.0,337.0,20.0,150.0,71.0,1299.0,171.0,208.0,173.0,6523.0,28,0,2
2758.0,6.0,6.0,150.0,29.0,2483.0,212.0,227.0,153.0,6323.0,28,0,2
2965.0,18.0,5.0,514.0,68.0,4178.0,216.0,230.0,151.0,5532.0,11,0,2
2543.0,64.0,6.0,212.0,17.0,618.0,226.0,228.0,136.0,3448.0,17,0,2
2915.0,288.0,2.0,134.0,22.0,285.0,213.0,239.0,164.0,443.0,30,2,2
2914.0,111.0,21.0,693.0,133.0,2329.0,251.0,212.0,78.0,1660.0,12,2,2
3042.0,234.0,10.0,30.0,-1.0,2638.0,202.0,250.0,184.0,1348.0,22,2,2
3200.0,162.0,12.0,67.0,6.0,3290.0,232.0,243.0,141.0,1290.0,22,2,2
2583.0,358.0,9.0,127.0,7.0,2457.0,207.0,224.0,155.0,2563.0,10,2,2
2985.0,72.0,23.0,240.0,116.0,5450.0,239.0,188.0,68.0,1140.0,29,0,2
3116.0,70.0,18.0,228.0,48.0,977.0,237.0,203.0,91.0,2195.0,28,0,2
2886.0,352.0,13.0,234.0,10.0,741.0,198.0,218.0,158.0,1451.0,31,2,2
2839.0,52.0,17.0,313.0,60.0,1415.0,226.0,202.0,104.0,2713.0,25,2,2
2898.0,89.0,18.0,366.0,71.0,1061.0,244.0,208.0,86.0,391.0,29,0,2
3223.0,315.0,4.0,420.0,39.0,400.0,209.0,236.0,166.0,1445.0,31,2,2
2756.0,67.0,13.0,234.0,17.0,1006.0,232.0,215.0,112.0,1989.0,10,2,2
2857.0,309.0,19.0,30.0,17.0,4794.0,164.0,224.0,198.0,4603.0,15,0,2
2977.0,25.0,16.0,755.0,193.0,1180.0,210.0,204.0,126.0,2496.0,32,2,2
2732.0,24.0,18.0,120.0,64.0,1215.0,207.0,198.0,122.0,1989.0,32,2,2
3061.0,48.0,6.0,0.0,0.0,3598.0,223.0,227.0,140.0,1677.0,22,0,2
2936.0,299.0,7.0,42.0,0.0,1624.0,200.0,237.0,177.0,212.0,31,2,2
3371.0,193.0,9.0,769.0,42.0,997.0,220.0,247.0,162.0,4358.0,32,1,2
2734.0,199.0,31.0,210.0,-60.0,1898.0,193.0,248.0,169.0,1441.0,12,2,2
3044.0,127.0,9.0,277.0,10.0,6598.0,236.0,234.0,129.0,3457.0,28,0,2
2702.0,45.0,7.0,180.0,8.0,853.0,222.0,224.0,137.0,1321.0,22,0,2
2991.0,264.0,6.0,242.0,47.0,175.0,204.0,243.0,178.0,1213.0,31,2,2
2896.0,69.0,32.0,120.0,-3.0,379.0,234.0,160.0,33.0,2263.0,29,0,2
3244.0,284.0,10.0,789.0,100.0,6361.0,193.0,240.0,187.0,1529.0,28,0,2
2962.0,149.0,13.0,150.0,7.0,4335.0,237.0,239.0,129.0,5328.0,29,0,2
3091.0,210.0,19.0,212.0,64.0,3254.0,202.0,254.0,182.0,1194.0,32,2,2
3188.0,54.0,6.0,153.0,11.0,5402.0,224.0,227.0,138.0,3030.0,22,0,2
2978.0,168.0,14.0,433.0,65.0,5544.0,231.0,245.0,142.0,3542.0,28,0,2
3203.0,195.0,15.0,170.0,22.0,3144.0,216.0,251.0,165.0,1140.0,31,2,2
2903.0,180.0,3.0,218.0,33.0,4213.0,220.0,241.0,156.0,5844.0,11,0,2
3003.0,60.0,19.0,67.0,17.0,2575.0,231.0,198.0,92.0,1732.0,31,2,2
2846.0,118.0,10.0,216.0,39.0,1237.0,238.0,231.0,123.0,3141.0,30,2,2
2908.0,267.0,34.0,180.0,104.0,1922.0,115.0,230.0,242.0,1158.0,12,2,2
2836.0,73.0,30.0,108.0,59.0,2230.0,238.0,167.0,37.0,1919.0,12,2,2
3366.0,9.0,17.0,108.0,21.0,616.0,199.0,205.0,140.0,849.0,39,1,2
2949.0,80.0,18.0,180.0,63.0,5778.0,241.0,205.0,88.0,4690.0,29,0,2
2563.0,4.0,51.0,258.0,143.0,607.0,103.0,92.0,86.0,1501.0,9,2,2
3241.0,217.0,26.0,361.0,104.0,849.0,183.0,253.0,195.0,4725.0,21,1,2
3029.0,301.0,10.0,256.0,57.0,2301.0,193.0,236.0,183.0,1075.0,28,0,2
2992.0,186.0,20.0,690.0,78.0,2911.0,219.0,250.0,156.0,2084.0,32,2,2
3145.0,249.0,12.0,170.0,28.0,5673.0,194.0,249.0,193.0,3069.0,21,0,2
2992.0,354.0,12.0,85.0,16.0,4366.0,200.0,219.0,157.0,2205.0,28,0,2
2858.0,3.0,14.0,170.0,48.0,170.0,200.0,213.0,149.0,417.0,29,0,2
3027.0,21.0,15.0,430.0,103.0,4342.0,208.0,206.0,132.0,2164.0,28,0,2
2439.0,54.0,20.0,42.0,13.0,247.0,228.0,193.0,90.0,218.0,9,3,2
2857.0,119.0,16.0,90.0,10.0,3855.0,246.0,224.0,101.0,6207.0,29,0,2
2541.0,111.0,4.0,30.0,-7.0,2723.0,227.0,235.0,143.0,2416.0,19,2,2
2779.0,60.0,19.0,443.0,155.0,765.0,231.0,198.0,92.0,872.0,32,2,2
2898.0,135.0,10.0,240.0,-5.0,3672.0,236.0,236.0,130.0,1622.0,11,0,2
2589.0,0.0,18.0,339.0,73.0,1090.0,191.0,204.0,148.0,1124.0,9,2,2
2933.0,163.0,13.0,108.0,15.0,3636.0,232.0,243.0,140.0,1979.0,11,0,2
3105.0,321.0,6.0,700.0,-80.0,837.0,204.0,234.0,169.0,1008.0,21,1,2
2823.0,217.0,24.0,300.0,66.0,1489.0,187.0,254.0,193.0,1405.0,32,2,2
2884.0,118.0,9.0,127.0,32.0,3039.0,237.0,232.0,126.0,2671.0,11,0,2
3001.0,64.0,6.0,547.0,25.0,5464.0,226.0,228.0,136.0,1452.0,28,0,2
2993.0,297.0,10.0,655.0,-41.0,1597.0,193.0,237.0,184.0,2021.0,30,2,2
2979.0,346.0,2.0,769.0,177.0,1092.0,215.0,235.0,158.0,2353.0,31,2,2
2649.0,83.0,27.0,67.0,24.0,1113.0,245.0,181.0,47.0,3303.0,28,0,2
3069.0,328.0,13.0,371.0,74.0,2624.0,188.0,224.0,175.0,1362.0,30,2,2
2722.0,79.0,9.0,424.0,76.0,2457.0,232.0,224.0,124.0,2206.0,9,2,2
3053.0,140.0,11.0,60.0,0.0,870.0,237.0,237.0,129.0,277.0,22,2,2
2870.0,32.0,10.0,216.0,23.0,3918.0,218.0,218.0,134.0,6066.0,11,0,2
2834.0,6.0,7.0,366.0,47.0,1809.0,211.0,226.0,152.0,1333.0,10,2,2
2840.0,8.0,7.0,212.0,-1.0,1252.0,212.0,227.0,152.0,2773.0,10,2,2
2553.0,26.0,12.0,268.0,-17.0,457.0,214.0,213.0,133.0,1222.0,19,0,2
2984.0,120.0,15.0,351.0,72.0,977.0,245.0,226.0,105.0,716.0,28,0,2
2926.0,58.0,10.0,242.0,13.0,4696.0,228.0,218.0,123.0,4044.0,22,0,2
3143.0,154.0,23.0,1020.0,105.0,3136.0,240.0,234.0,110.0,2481.0,32,2,2
2945.0,28.0,11.0,400.0,32.0,4514.0,216.0,215.0,134.0,4171.0,28,0,2
3060.0,39.0,3.0,268.0,14.0,1055.0,220.0,232.0,149.0,1718.0,28,0,2
3145.0,311.0,11.0,618.0,-49.0,633.0,191.0,232.0,181.0,1214.0,18,1,2
3240.0,256.0,14.0,767.0,174.0,6258.0,188.0,248.0,198.0,1703.0,28,0,2
2847.0,60.0,13.0,42.0,7.0,339.0,230.0,213.0,114.0,192.0,31,2,2
2695.0,359.0,16.0,408.0,93.0,2337.0,194.0,209.0,150.0,1597.0,31,2,2
3043.0,121.0,16.0,402.0,29.0,3675.0,246.0,225.0,103.0,4863.0,28,0,2
3104.0,210.0,15.0,618.0,97.0,6088.0,207.0,253.0,178.0,1556.0,29,0,2
3162.0,115.0,18.0,488.0,125.0,4006.0,248.0,219.0,93.0,2698.0,29,0,2
2983.0,112.0,15.0,212.0,16.0,1350.0,245.0,223.0,102.0,2005.0,18,2,2
2806.0,30.0,11.0,361.0,66.0,2534.0,216.0,215.0,133.0,2571.0,28,0,2
2555.0,187.0,14.0,60.0,-5.0,1358.0,221.0,249.0,158.0,1080.0,16,2,3
2649.0,122.0,35.0,524.0,241.0,497.0,253.0,189.0,31.0,1445.0,3,2,3
2084.0,27.0,25.0,234.0,119.0,300.0,201.0,179.0,103.0,247.0,0,3,3
2747.0,162.0,12.0,361.0,151.0,2827.0,232.0,243.0,141.0,1290.0,1,2,3
2628.0,131.0,15.0,295.0,69.0,1634.0,243.0,231.0,113.0,2429.0,3,2,3
2398.0,281.0,31.0,242.0,118.0,459.0,121.0,225.0,235.0,1842.0,9,3,3
1963.0,280.0,26.0,124.0,72.0,120.0,140.0,232.0,227.0,484.0,0,3,3
2509.0,172.0,26.0,0.0,0.0,2173.0,227.0,242.0,130.0,860.0,3,2,3
2571.0,173.0,15.0,268.0,38.0,2080.0,228.0,246.0,146.0,1860.0,1,2,3
2406.0,172.0,16.0,42.0,3.0,1087.0,229.0,246.0,143.0,1148.0,3,2,3
2370.0,167.0,15.0,342.0,83.0,1036.0,231.0,244.0,140.0,1020.0,2,3,3
2435.0,115.0,32.0,124.0,59.0,497.0,254.0,191.0,37.0,1248.0,3,3,3
2725.0,137.0,16.0,319.0,142.0,2039.0,243.0,233.0,114.0,2596.0,3,2,3
2406.0,70.0,5.0,255.0,0.0,543.0,225.0,230.0,140.0,849.0,1,2,3
2349.0,253.0,14.0,0.0,0.0,459.0,187.0,249.0,199.0,849.0,15,2,3
2210.0,319.0,25.0,67.0,21.0,1253.0,146.0,208.0,197.0,601.0,9,3,3
2641.0,168.0,15.0,150.0,-7.0,1374.0,231.0,245.0,141.0,874.0,1,2,3
2631.0,180.0,1.0,240.0,27.0,1766.0,219.0,239.0,157.0,781.0,1,2,3
2269.0,17.0,31.0,319.0,194.0,811.0,178.0,159.0,102.0,300.0,9,3,3
2233.0,357.0,16.0,258.0,95.0,960.0,194.0,210.0,152.0,1302.0,9,3,3
1998.0,65.0,38.0,60.0,43.0,90.0,225.0,138.0,12.0,153.0,9,3,3
2720.0,176.0,11.0,30.0,3.0,1082.0,226.0,246.0,152.0,531.0,1,2,3
2567.0,330.0,22.0,342.0,166.0,1020.0,162.0,207.0,182.0,994.0,9,2,3
2340.0,128.0,10.0,95.0,14.0,1170.0,238.0,234.0,125.0,60.0,5,3,3
2580.0,149.0,15.0,212.0,58.0,1224.0,238.0,238.0,126.0,1734.0,3,2,3
2652.0,204.0,3.0,459.0,124.0,722.0,218.0,242.0,161.0,1209.0,1,2,3
2596.0,95.0,8.0,95.0,-5.0,1484.0,233.0,229.0,128.0,1150.0,1,2,3
2573.0,20.0,22.0,285.0,99.0,1383.0,200.0,189.0,119.0,571.0,9,2,3
2300.0,336.0,43.0,210.0,156.0,1158.0,91.0,143.0,168.0,1405.0,9,3,3
2172.0,343.0,32.0,190.0,80.0,454.0,139.0,174.0,163.0,408.0,9,3,3
2016.0,136.0,24.0,127.0,28.0,242.0,249.0,222.0,87.0,553.0,2,3,3
2672.0,147.0,17.0,234.0,28.0,934.0,241.0,236.0,117.0,547.0,1,2,3
2253.0,308.0,25.0,295.0,113.0,794.0,144.0,215.0,207.0,474.0,9,3,3
2720.0,208.0,18.0,391.0,-9.0,2197.0,204.0,254.0,180.0,2438.0,3,2,3
2595.0,186.0,21.0,283.0,88.0,2002.0,218.0,250.0,155.0,1731.0,1,2,3
2346.0,65.0,27.0,218.0,56.0,698.0,233.0,174.0,55.0,576.0,5,3,3
2266.0,4.0,36.0,421.0,109.0,691.0,151.0,149.0,117.0,825.0,9,3,3
2155.0,120.0,19.0,162.0,82.0,362.0,249.0,220.0,91.0,626.0,0,3,3
2147.0,322.0,13.0,30.0,-3.0,957.0,187.0,227.0,179.0,713.0,9,3,3
2281.0,113.0,34.0,108.0,52.0,1022.0,254.0,183.0,26.0,872.0,5,3,3
2154.0,28.0,35.0,362.0,103.0,450.0,184.0,143.0,72.0,430.0,9,3,3
2721.0,190.0,16.0,300.0,114.0,2048.0,218.0,251.0,161.0,2588.0,3,2,3
2112.0,228.0,31.0,42.0,28.0,1084.0,158.0,250.0,213.0,342.0,0,3,3
2235.0,162.0,38.0,120.0,37.0,908.0,226.0,219.0,88.0,914.0,5,3,3
2792.0,134.0,14.0,366.0,62.0,2522.0,241.0,233.0,118.0,2114.0,3,2,3
2553.0,122.0,4.0,218.0,84.0,1073.0,228.0,236.0,143.0,934.0,5,3,3
2575.0,123.0,18.0,108.0,33.0,1785.0,247.0,224.0,99.0,1770.0,3,2,3
2236.0,271.0,35.0,108.0,26.0,782.0,109.0,226.0,243.0,703.0,9,3,3
2156.0,336.0,32.0,30.0,21.0,1284.0,131.0,178.0,175.0,1413.0,16,3,3
2425.0,352.0,16.0,0.0,0.0,418.0,190.0,211.0,158.0,955.0,9,3,3
2343.0,267.0,10.0,342.0,-16.0,120.0,195.0,244.0,189.0,685.0,1,3,3
2704.0,114.0,9.0,60.0,7.0,1950.0,236.0,231.0,125.0,277.0,9,2,3
2574.0,87.0,38.0,124.0,65.0,1650.0,244.0,151.0,1.0,960.0,2,2,3
2387.0,76.0,10.0,85.0,17.0,1120.0,233.0,220.0,118.0,768.0,5,3,3
2315.0,120.0,19.0,85.0,31.0,1443.0,248.0,221.0,93.0,808.0,2,3,3
2703.0,214.0,20.0,351.0,96.0,2166.0,198.0,254.0,186.0,2473.0,3,2,3
2363.0,293.0,19.0,569.0,225.0,607.0,165.0,233.0,207.0,1650.0,9,3,3
2413.0,92.0,13.0,323.0,76.0,335.0,240.0,219.0,107.0,443.0,3,3,3
2542.0,148.0,7.0,573.0,65.0,866.0,230.0,240.0,142.0,1142.0,1,2,3
2462.0,353.0,20.0,283.0,106.0,700.0,182.0,202.0,155.0,1235.0,9,3,3
2287.0,7.0,37.0,180.0,126.0,752.0,152.0,144.0,109.0,499.0,9,3,3
2619.0,27.0,11.0,420.0,-20.0,828.0,215.0,217.0,137.0,805.0,10,2,3
2132.0,347.0,17.0,153.0,68.0,424.0,185.0,211.0,162.0,417.0,9,3,3
2413.0,357.0,33.0,351.0,216.0,751.0,149.0,161.0,135.0,1530.0,9,3,3
2309.0,128.0,20.0,30.0,8.0,85.0,248.0,224.0,95.0,234.0,10,3,3
2585.0,202.0,35.0,30.0,26.0,2737.0,181.0,245.0,174.0,967.0,3,2,3
2531.0,112.0,28.0,390.0,123.0,361.0,254.0,197.0,51.0,1252.0,3,2,3
2514.0,195.0,25.0,30.0,-13.0,1301.0,206.0,251.0,165.0,443.0,3,2,3
2290.0,294.0,23.0,301.0,178.0,819.0,149.0,227.0,216.0,175.0,9,3,3
2590.0,158.0,31.0,277.0,-9.0,437.0,235.0,227.0,96.0,1110.0,3,2,3
2547.0,170.0,11.0,90.0,9.0,1207.0,228.0,245.0,148.0,1262.0,3,2,3
2502.0,355.0,15.0,190.0,52.0,883.0,195.0,213.0,154.0,390.0,5,3,3
2358.0,350.0,13.0,458.0,233.0,979.0,196.0,218.0,160.0,1371.0,5,3,3
2492.0,185.0,29.0,30.0,17.0,2081.0,211.0,245.0,147.0,882.0,3,2,3
2091.0,324.0,31.0,67.0,55.0,360.0,129.0,191.0,194.0,382.0,9,3,3
2376.0,70.0,14.0,30.0,2.0,765.0,235.0,212.0,106.0,1101.0,3,2,3
2202.0,333.0,39.0,85.0,70.0,306.0,107.0,161.0,177.0,510.0,9,3,3
2448.0,29.0,27.0,95.0,57.0,532.0,199.0,171.0,94.0,1045.0,9,3,3
2416.0,52.0,24.0,242.0,-15.0,765.0,224.0,180.0,77.0,730.0,9,3,3
2505.0,216.0,15.0,42.0,0.0,1131.0,203.0,253.0,183.0,1588.0,3,2,3
2526.0,228.0,37.0,67.0,26.0,1595.0,142.0,244.0,216.0,1176.0,2,2,3
2558.0,149.0,12.0,510.0,109.0,531.0,236.0,239.0,131.0,684.0,1,2,3
2302.0,339.0,27.0,300.0,112.0,1167.0,153.0,191.0,170.0,201.0,9,3,3
2647.0,177.0,16.0,400.0,119.0,768.0,226.0,247.0,149.0,1252.0,1,2,3
2350.0,277.0,16.0,323.0,16.0,150.0,175.0,241.0,205.0,726.0,1,3,3
2352.0,34.0,11.0,484.0,203.0,1249.0,219.0,216.0,132.0,569.0,5,3,3
2264.0,172.0,42.0,150.0,66.0,853.0,208.0,218.0,99.0,875.0,5,3,3
2285.0,328.0,25.0,90.0,41.0,1226.0,152.0,202.0,185.0,421.0,9,3,3
2425.0,185.0,10.0,420.0,119.0,969.0,222.0,248.0,158.0,1304.0,5,3,3
2468.0,76.0,10.0,108.0,14.0,201.0,233.0,220.0,118.0,1100.0,1,2,3
2361.0,323.0,29.0,150.0,-10.0,1092.0,136.0,197.0,194.0,1150.0,9,3,3
2503.0,231.0,36.0,150.0,88.0,1661.0,140.0,244.0,220.0,497.0,3,2,3
2690.0,215.0,21.0,285.0,83.0,2110.0,194.0,254.0,189.0,2532.0,3,2,3
2227.0,307.0,30.0,182.0,77.0,1099.0,127.0,208.0,215.0,752.0,9,3,3
2564.0,89.0,20.0,256.0,74.0,1068.0,245.0,204.0,79.0,782.0,3,2,3
2232.0,333.0,19.0,30.0,12.0,870.0,173.0,212.0,176.0,313.0,9,3,3
2358.0,33.0,10.0,430.0,202.0,1284.0,218.0,218.0,135.0,626.0,5,3,3
2470.0,140.0,11.0,153.0,48.0,815.0,237.0,237.0,129.0,182.0,1,3,3
2387.0,107.0,9.0,426.0,143.0,1123.0,236.0,229.0,124.0,1129.0,1,3,3
2488.0,75.0,33.0,90.0,28.0,1396.0,239.0,161.0,26.0,981.0,2,2,3
2469.0,355.0,15.0,499.0,222.0,957.0,193.0,211.0,155.0,911.0,5,3,3
2055.0,19.0,21.0,30.0,-6.0,400.0,199.0,189.0,120.0,722.0,9,3,3
2132.0,73.0,27.0,365.0,172.0,408.0,239.0,179.0,53.0,488.0,0,3,3
2514.0,195.0,30.0,90.0,44.0,1489.0,199.0,247.0,162.0,481.0,3,2,3
2650.0,81.0,8.0,446.0,38.0,1001.0,231.0,226.0,128.0,964.0,10,2,3
2386.0,159.0,17.0,60.0,7.0,90.0,236.0,241.0,130.0,854.0,1,2,3
2198.0,254.0,26.0,60.0,32.0,990.0,154.0,246.0,225.0,469.0,0,3,3
2646.0,145.0,13.0,134.0,6.0,1024.0,238.0,238.0,128.0,663.0,1,2,3
2307.0,85.0,28.0,42.0,17.0,1296.0,247.0,181.0,45.0,859.0,2,3,3
2195.0,22.0,21.0,30.0,13.0,1385.0,202.0,190.0,118.0,721.0,9,3,3
2354.0,323.0,21.0,108.0,37.0,342.0,162.0,213.0,189.0,927.0,9,3,3
2443.0,315.0,16.0,124.0,13.0,918.0,175.0,225.0,190.0,1321.0,9,3,3
2096.0,27.0,16.0,127.0,69.0,247.0,212.0,205.0,126.0,426.0,9,3,3
2347.0,29.0,2.0,0.0,0.0,285.0,218.0,233.0,152.0,854.0,16,3,3
2481.0,62.0,9.0,175.0,38.0,190.0,228.0,221.0,125.0,1786.0,5,3,3
2432.0,314.0,24.0,446.0,212.0,907.0,151.0,214.0,200.0,210.0,9,3,3
2369.0,115.0,16.0,192.0,29.0,513.0,245.0,223.0,102.0,666.0,0,3,3
2553.0,117.0,17.0,67.0,8.0,1731.0,246.0,222.0,99.0,1710.0,3,2,3
2215.0,310.0,18.0,518.0,58.0,708.0,168.0,225.0,196.0,979.0,9,3,3
2699.0,199.0,35.0,108.0,68.0,2337.0,184.0,244.0,168.0,684.0,3,2,3
2296.0,142.0,19.0,67.0,28.0,42.0,244.0,231.0,107.0,870.0,2,2,3
2646.0,9.0,5.0,365.0,6.0,979.0,215.0,230.0,153.0,920.0,1,2,3
2675.0,227.0,32.0,150.0,79.0,2926.0,159.0,250.0,211.0,1312.0,3,2,3
2574.0,195.0,31.0,300.0,173.0,1517.0,198.0,247.0,162.0,816.0,3,2,3
2596.0,204.0,11.0,234.0,51.0,1825.0,214.0,250.0,170.0,1890.0,10,2,3
2414.0,157.0,21.0,180.0,44.0,1140.0,238.0,238.0,119.0,1595.0,1,2,3
2410.0,298.0,6.0,162.0,15.0,598.0,204.0,238.0,173.0,902.0,1,2,3
2127.0,118.0,25.0,162.0,118.0,351.0,253.0,208.0,66.0,365.0,5,3,3
2119.0,339.0,31.0,108.0,72.0,150.0,137.0,178.0,170.0,953.0,9,3,3
1927.0,176.0,16.0,95.0,28.0,120.0,227.0,247.0,147.0,779.0,2,3,3
2626.0,148.0,8.0,366.0,2.0,1692.0,231.0,240.0,141.0,1826.0,1,2,3
2578.0,220.0,27.0,150.0,93.0,1537.0,177.0,253.0,200.0,1249.0,2,2,3
2448.0,292.0,3.0,240.0,8.0,977.0,212.0,238.0,165.0,1235.0,1,2,3
2608.0,235.0,26.0,360.0,182.0,2117.0,167.0,252.0,213.0,319.0,3,2,3
2152.0,16.0,17.0,234.0,31.0,474.0,203.0,202.0,132.0,769.0,9,3,3
2563.0,115.0,17.0,384.0,65.0,832.0,247.0,222.0,98.0,1260.0,1,2,3
2509.0,185.0,28.0,60.0,18.0,2084.0,212.0,246.0,149.0,907.0,3,2,3
2573.0,109.0,31.0,30.0,12.0,1572.0,254.0,189.0,38.0,1195.0,2,2,3
2574.0,0.0,24.0,150.0,39.0,1360.0,178.0,188.0,142.0,1549.0,9,2,3
2299.0,217.0,24.0,162.0,83.0,994.0,187.0,254.0,193.0,510.0,0,3,3
2376.0,113.0,13.0,60.0,6.0,467.0,242.0,226.0,110.0,824.0,3,2,3
2595.0,87.0,20.0,134.0,36.0,1332.0,245.0,203.0,79.0,350.0,3,2,3
2216.0,52.0,35.0,85.0,55.0,674.0,213.0,143.0,36.0,633.0,0,3,3
2393.0,191.0,32.0,60.0,33.0,467.0,200.0,245.0,155.0,1222.0,3,3,3
2449.0,236.0,14.0,335.0,143.0,1073.0,195.0,251.0,192.0,1319.0,5,3,3
2683.0,206.0,12.0,30.0,0.0,1149.0,212.0,251.0,172.0,598.0,1,2,3
2640.0,95.0,27.0,598.0,232.0,569.0,251.0,190.0,49.0,1415.0,3,2,3
2064.0,308.0,40.0,201.0,174.0,228.0,87.0,183.0,219.0,108.0,9,3,3
2368.0,267.0,21.0,313.0,202.0,1356.0,162.0,243.0,218.0,659.0,5,3,3
2643.0,139.0,17.0,67.0,-5.0,1266.0,243.0,232.0,112.0,794.0,1,2,3
2106.0,314.0,23.0,277.0,102.0,324.0,152.0,214.0,200.0,661.0,9,3,3
2439.0,172.0,29.0,162.0,53.0,175.0,225.0,238.0,125.0,840.0,1,2,3
2024.0,258.0,33.0,42.0,19.0,234.0,124.0,237.0,239.0,300.0,4,3,3
2493.0,323.0,10.0,594.0,271.0,912.0,194.0,230.0,175.0,323.0,9,3,3
2691.0,174.0,13.0,295.0,141.0,2445.0,227.0,246.0,148.0,1053.0,3,2,3
2079.0,306.0,28.0,153.0,72.0,212.0,133.0,212.0,213.0,661.0,9,3,3
2608.0,106.0,6.0,180.0,4.0,1518.0,231.0,232.0,135.0,1031.0,1,2,3
2791.0,157.0,15.0,124.0,21.0,1063.0,235.0,241.0,132.0,895.0,1,2,3
2696.0,176.0,25.0,240.0,112.0,1784.0,223.0,244.0,138.0,1298.0,3,2,3
2018.0,341.0,27.0,351.0,34.0,390.0,152.0,188.0,168.0,190.0,4,3,3
2292.0,146.0,14.0,67.0,13.0,170.0,238.0,237.0,126.0,360.0,10,3,3
2425.0,147.0,20.0,335.0,82.0,618.0,242.0,234.0,111.0,711.0,2,3,3
2252.0,5.0,23.0,90.0,-13.0,883.0,184.0,190.0,137.0,361.0,9,3,3
2748.0,164.0,21.0,484.0,114.0,2497.0,234.0,241.0,128.0,2155.0,3,2,3
2655.0,130.0,19.0,360.0,-34.0,1739.0,247.0,225.0,98.0,2483.0,1,2,3
2154.0,6.0,15.0,30.0,0.0,1291.0,200.0,209.0,144.0,1084.0,16,3,3
2613.0,159.0,10.0,451.0,85.0,735.0,231.0,242.0,142.0,1518.0,1,2,3
2607.0,205.0,24.0,127.0,43.0,1333.0,198.0,253.0,179.0,1392.0,2,2,3
2362.0,268.0,22.0,350.0,109.0,384.0,159.0,243.0,220.0,690.0,9,3,3
2357.0,95.0,21.0,67.0,17.0,90.0,248.0,204.0,74.0,872.0,3,3,3
2422.0,75.0,13.0,85.0,18.0,859.0,236.0,214.0,107.0,1390.0,5,3,3
2437.0,245.0,27.0,60.0,16.0,997.0,156.0,249.0,222.0,1233.0,2,2,3
2329.0,128.0,16.0,60.0,3.0,1200.0,245.0,228.0,108.0,95.0,5,3,3
2409.0,137.0,20.0,351.0,66.0,573.0,247.0,228.0,100.0,741.0,2,3,3
2187.0,353.0,22.0,60.0,21.0,1366.0,177.0,196.0,153.0,702.0,9,3,3
2654.0,107.0,17.0,150.0,39.0,2295.0,246.0,218.0,95.0,2403.0,10,2,3
2694.0,153.0,11.0,247.0,31.0,934.0,233.0,241.0,138.0,481.0,1,2,3
2376.0,309.0,31.0,335.0,129.0,698.0,122.0,203.0,213.0,391.0,9,3,3
2536.0,187.0,15.0,228.0,69.0,2185.0,220.0,250.0,158.0,342.0,3,2,3
2178.0,23.0,37.0,283.0,95.0,335.0,173.0,138.0,77.0,680.0,9,3,3
2374.0,323.0,18.0,404.0,194.0,1431.0,173.0,219.0,185.0,553.0,9,3,3
2417.0,301.0,4.0,120.0,40.0,1084.0,208.0,238.0,168.0,966.0,5,3,3
2741.0,161.0,17.0,120.0,11.0,2440.0,235.0,242.0,132.0,2273.0,10,2,3
2039.0,31.0,29.0,108.0,19.0,258.0,199.0,165.0,87.0,666.0,0,3,3
2409.0,82.0,12.0,376.0,164.0,1153.0,237.0,219.0,111.0,1167.0,1,3,3
2693.0,120.0,23.0,301.0,114.0,1634.0,251.0,215.0,79.0,1050.0,3,2,3
2630.0,165.0,7.0,446.0,94.0,644.0,227.0,243.0,149.0,1533.0,1,2,3
2527.0,153.0,10.0,180.0,-6.0,1075.0,232.0,241.0,139.0,1434.0,3,2,3
2357.0,152.0,27.0,342.0,14.0,467.0,241.0,229.0,98.0,745.0,2,3,3
2546.0,95.0,27.0,330.0,152.0,979.0,250.0,190.0,50.0,824.0,3,2,3
2527.0,219.0,36.0,240.0,101.0,2007.0,156.0,246.0,203.0,201.0,3,2,3
2163.0,4.0,30.0,30.0,10.0,900.0,167.0,169.0,127.0,750.0,9,3,3
2198.0,10.0,13.0,277.0,59.0,571.0,205.0,213.0,143.0,1683.0,9,3,3
2082.0,342.0,23.0,134.0,78.0,175.0,167.0,200.0,167.0,646.0,9,3,3
2264.0,295.0,12.0,300.0,88.0,708.0,187.0,237.0,190.0,636.0,5,3,3
2618.0,45.0,11.0,391.0,-21.0,828.0,223.0,217.0,127.0,765.0,10,2,3
2478.0,124.0,14.0,192.0,37.0,301.0,243.0,229.0,111.0,1015.0,1,2,3
2554.0,18.0,22.0,120.0,27.0,1279.0,197.0,187.0,120.0,1557.0,9,2,3
2411.0,168.0,24.0,120.0,36.0,127.0,230.0,241.0,129.0,920.0,1,2,3
2132.0,184.0,14.0,201.0,68.0,484.0,223.0,249.0,156.0,845.0,1,3,3
1988.0,49.0,9.0,0.0,0.0,150.0,224.0,220.0,129.0,216.0,5,3,4
2078.0,49.0,29.0,95.0,49.0,256.0,218.0,166.0,64.0,408.0,9,3,4
2075.0,98.0,5.0,0.0,0.0,1315.0,228.0,233.0,138.0,636.0,16,3,4
2184.0,146.0,33.0,108.0,64.0,1075.0,243.0,214.0,71.0,446.0,2,3,4
2135.0,53.0,15.0,0.0,0.0,920.0,227.0,207.0,109.0,1477.0,16,3,4
2334.0,183.0,16.0,283.0,40.0,934.0,222.0,249.0,155.0,511.0,5,3,4
2035.0,73.0,18.0,30.0,6.0,301.0,238.0,203.0,91.0,376.0,2,3,4
2040.0,107.0,12.0,0.0,0.0,741.0,240.0,225.0,113.0,655.0,16,3,4
2243.0,129.0,34.0,258.0,143.0,774.0,252.0,199.0,46.0,240.0,2,3,4
2346.0,224.0,28.0,342.0,52.0,912.0,171.0,252.0,205.0,450.0,5,3,4
2261.0,98.0,28.0,170.0,74.0,1022.0,252.0,189.0,46.0,1279.0,2,3,4
2287.0,101.0,16.0,474.0,124.0,1440.0,245.0,217.0,97.0,987.0,1,3,4
2195.0,346.0,19.0,30.0,2.0,1376.0,181.0,207.0,162.0,979.0,16,3,4
2171.0,121.0,26.0,134.0,71.0,805.0,253.0,208.0,64.0,175.0,2,3,4
1991.0,337.0,16.0,0.0,0.0,180.0,183.0,216.0,171.0,510.0,9,3,4
2039.0,350.0,7.0,0.0,0.0,518.0,208.0,228.0,159.0,649.0,13,3,4
2223.0,125.0,31.0,67.0,29.0,912.0,253.0,201.0,50.0,1379.0,2,3,4
2333.0,70.0,7.0,0.0,0.0,417.0,228.0,226.0,132.0,1396.0,13,3,4
2021.0,342.0,16.0,30.0,2.0,576.0,185.0,214.0,167.0,437.0,16,3,4
2334.0,234.0,18.0,323.0,40.0,1182.0,186.0,253.0,200.0,781.0,1,3,4
2271.0,127.0,43.0,242.0,158.0,966.0,247.0,172.0,6.0,390.0,2,3,4
2301.0,111.0,31.0,170.0,76.0,488.0,254.0,190.0,38.0,1803.0,2,3,4
2354.0,124.0,33.0,190.0,113.0,297.0,253.0,196.0,42.0,1834.0,2,3,4
2201.0,139.0,24.0,90.0,43.0,1415.0,248.0,225.0,91.0,785.0,2,3,4
2328.0,243.0,21.0,351.0,34.0,1200.0,175.0,251.0,210.0,782.0,1,3,4
2190.0,147.0,28.0,60.0,32.0,1441.0,244.0,224.0,88.0,807.0,2,3,4
2350.0,134.0,25.0,391.0,56.0,1168.0,250.0,219.0,82.0,700.0,5,3,4
2019.0,110.0,22.0,0.0,0.0,330.0,251.0,211.0,77.0,390.0,5,3,4
2296.0,316.0,18.0,0.0,0.0,1150.0,169.0,222.0,192.0,270.0,0,3,4
1990.0,126.0,10.0,0.0,0.0,180.0,238.0,233.0,125.0,228.0,5,3,4
2190.0,67.0,14.0,0.0,0.0,591.0,233.0,212.0,109.0,1209.0,0,3,4
2312.0,113.0,22.0,361.0,132.0,1153.0,252.0,211.0,75.0,1209.0,5,3,4
2191.0,127.0,33.0,150.0,87.0,900.0,253.0,198.0,44.0,283.0,2,3,4
2128.0,190.0,13.0,60.0,-3.0,1333.0,219.0,250.0,161.0,1302.0,16,3,4
2176.0,102.0,8.0,0.0,0.0,1168.0,234.0,230.0,128.0,1126.0,3,3,4
2208.0,163.0,8.0,30.0,-23.0,1500.0,228.0,242.0,147.0,934.0,9,3,4
2275.0,63.0,7.0,0.0,0.0,616.0,226.0,226.0,134.0,752.0,3,3,4
2194.0,46.0,22.0,212.0,143.0,450.0,221.0,188.0,92.0,277.0,9,3,4
2287.0,140.0,20.0,0.0,0.0,1414.0,245.0,230.0,104.0,789.0,2,3,4
2309.0,137.0,9.0,0.0,0.0,95.0,235.0,237.0,133.0,67.0,10,3,4
2169.0,146.0,27.0,30.0,12.0,1273.0,245.0,225.0,91.0,1130.0,0,3,4
2296.0,194.0,28.0,277.0,176.0,1045.0,202.0,249.0,163.0,485.0,2,3,4
2344.0,47.0,12.0,0.0,0.0,824.0,224.0,214.0,123.0,1075.0,13,3,4
2228.0,122.0,30.0,90.0,31.0,785.0,254.0,201.0,52.0,1506.0,2,3,4
2354.0,219.0,9.0,212.0,60.0,876.0,210.0,249.0,175.0,524.0,5,3,4
2234.0,151.0,12.0,0.0,0.0,1451.0,236.0,240.0,132.0,600.0,0,3,4
2278.0,153.0,20.0,170.0,97.0,1191.0,240.0,236.0,116.0,1110.0,2,3,4
2221.0,150.0,33.0,170.0,101.0,1082.0,241.0,219.0,80.0,474.0,2,3,4
2367.0,57.0,16.0,0.0,0.0,760.0,229.0,203.0,102.0,1114.0,9,3,4
2141.0,328.0,9.0,30.0,6.0,1341.0,199.0,230.0,171.0,1410.0,16,3,4
2004.0,47.0,8.0,0.0,0.0,150.0,223.0,223.0,135.0,300.0,16,3,4
2239.0,153.0,20.0,0.0,0.0,700.0,240.0,236.0,116.0,470.0,3,3,4
2132.0,65.0,8.0,0.0,0.0,1015.0,228.0,224.0,130.0,1409.0,16,3,4
2128.0,342.0,9.0,0.0,0.0,1332.0,202.0,227.0,164.0,1353.0,16,3,4
2055.0,108.0,2.0,0.0,0.0,865.0,221.0,237.0,151.0,256.0,0,3,4
2321.0,93.0,23.0,339.0,137.0,1087.0,249.0,198.0,65.0,1266.0,5,3,4
2214.0,135.0,30.0,42.0,26.0,1273.0,250.0,211.0,66.0,1018.0,2,3,4
2190.0,351.0,19.0,0.0,0.0,1657.0,183.0,205.0,157.0,150.0,13,3,4
2309.0,51.0,3.0,0.0,0.0,1170.0,221.0,232.0,148.0,162.0,5,3,4
2327.0,124.0,25.0,300.0,134.0,957.0,252.0,213.0,74.0,1381.0,2,3,4
2025.0,51.0,9.0,30.0,-1.0,518.0,225.0,220.0,128.0,537.0,9,3,4
2276.0,43.0,22.0,0.0,0.0,108.0,218.0,185.0,91.0,1008.0,13,3,4
2214.0,146.0,14.0,0.0,0.0,782.0,239.0,237.0,125.0,342.0,13,3,4
2144.0,97.0,34.0,120.0,93.0,457.0,251.0,169.0,17.0,212.0,2,3,4
2266.0,50.0,7.0,0.0,0.0,1233.0,224.0,224.0,135.0,644.0,2,3,4
2188.0,41.0,11.0,0.0,0.0,1682.0,222.0,216.0,129.0,134.0,2,3,4
2140.0,105.0,36.0,134.0,72.0,552.0,253.0,173.0,0.0,120.0,2,3,4
2023.0,7.0,14.0,0.0,0.0,589.0,201.0,211.0,145.0,457.0,16,3,4
2272.0,35.0,17.0,0.0,0.0,1507.0,216.0,201.0,115.0,642.0,16,3,4
2211.0,45.0,7.0,0.0,0.0,644.0,222.0,225.0,138.0,1687.0,3,3,4
2292.0,108.0,13.0,0.0,0.0,1090.0,241.0,225.0,111.0,272.0,15,3,4
2140.0,264.0,22.0,60.0,8.0,997.0,160.0,244.0,220.0,1383.0,16,3,4
2281.0,80.0,9.0,0.0,0.0,1019.0,233.0,223.0,122.0,379.0,15,3,4
2331.0,135.0,1.0,424.0,37.0,1333.0,221.0,238.0,153.0,960.0,1,3,4
2062.0,88.0,19.0,0.0,0.0,892.0,244.0,206.0,84.0,182.0,0,3,4
2161.0,74.0,8.0,0.0,0.0,1150.0,230.0,224.0,127.0,741.0,16,3,4
2136.0,101.0,12.0,0.0,0.0,1342.0,240.0,224.0,112.0,691.0,2,3,4
2368.0,76.0,12.0,0.0,0.0,1167.0,234.0,218.0,114.0,700.0,5,3,4
2412.0,11.0,7.0,0.0,0.0,408.0,213.0,225.0,150.0,1291.0,10,3,4
2180.0,141.0,34.0,108.0,60.0,1116.0,246.0,209.0,61.0,488.0,2,3,4
2173.0,101.0,22.0,95.0,48.0,1183.0,250.0,204.0,70.0,552.0,9,3,4
2260.0,96.0,28.0,192.0,76.0,1045.0,251.0,187.0,44.0,1260.0,2,3,4
2284.0,228.0,12.0,513.0,-9.0,1341.0,202.0,251.0,185.0,866.0,1,3,4
2328.0,118.0,36.0,150.0,87.0,361.0,253.0,183.0,24.0,1879.0,2,3,4
2104.0,82.0,7.0,0.0,0.0,930.0,230.0,228.0,132.0,268.0,3,3,4
2347.0,240.0,19.0,277.0,53.0,892.0,181.0,252.0,205.0,484.0,5,3,4
2223.0,120.0,35.0,190.0,110.0,999.0,254.0,187.0,30.0,391.0,2,3,4
2151.0,139.0,20.0,0.0,0.0,914.0,245.0,230.0,104.0,693.0,13,3,4
2289.0,120.0,23.0,216.0,96.0,942.0,252.0,213.0,75.0,1368.0,2,3,4
2324.0,92.0,24.0,541.0,245.0,1416.0,248.0,196.0,63.0,977.0,1,3,4
2172.0,283.0,22.0,30.0,11.0,1167.0,153.0,234.0,219.0,797.0,16,3,4
2103.0,108.0,32.0,60.0,31.0,655.0,254.0,184.0,31.0,30.0,2,3,4
2216.0,145.0,6.0,0.0,0.0,1110.0,228.0,239.0,144.0,404.0,16,3,4
2359.0,83.0,11.0,0.0,0.0,1234.0,236.0,220.0,114.0,633.0,5,3,4
2257.0,23.0,17.0,0.0,0.0,1598.0,208.0,202.0,127.0,1008.0,16,3,4
2294.0,102.0,23.0,297.0,113.0,1123.0,251.0,204.0,69.0,1215.0,2,3,4
2138.0,13.0,11.0,0.0,0.0,1025.0,209.0,217.0,144.0,1422.0,9,3,4
2296.0,18.0,3.0,0.0,0.0,1200.0,217.0,233.0,153.0,977.0,16,3,4
2146.0,100.0,14.0,0.0,0.0,1422.0,243.0,219.0,102.0,774.0,2,3,4
2306.0,54.0,2.0,0.0,0.0,108.0,220.0,234.0,150.0,85.0,9,3,4
2288.0,31.0,7.0,0.0,0.0,488.0,218.0,225.0,143.0,830.0,3,3,4
2319.0,132.0,31.0,335.0,25.0,1062.0,251.0,208.0,60.0,603.0,2,3,4
2112.0,135.0,28.0,67.0,25.0,787.0,250.0,215.0,72.0,124.0,2,3,4
2326.0,57.0,16.0,0.0,0.0,300.0,229.0,203.0,102.0,1249.0,13,3,4
2276.0,140.0,23.0,216.0,113.0,1425.0,247.0,226.0,95.0,882.0,2,3,4
2242.0,105.0,13.0,0.0,0.0,850.0,242.0,223.0,109.0,451.0,13,3,4
2091.0,355.0,10.0,0.0,0.0,837.0,203.0,222.0,157.0,180.0,2,3,4
2194.0,123.0,34.0,30.0,11.0,1337.0,253.0,192.0,36.0,955.0,2,3,4
2230.0,355.0,3.0,30.0,0.0,1383.0,215.0,234.0,157.0,547.0,16,3,4
2308.0,126.0,23.0,277.0,125.0,1308.0,251.0,218.0,83.0,1024.0,5,3,4
2117.0,101.0,33.0,95.0,49.0,569.0,253.0,177.0,26.0,95.0,2,3,4
2335.0,150.0,25.0,285.0,41.0,999.0,242.0,230.0,100.0,570.0,5,3,4
2204.0,139.0,31.0,67.0,41.0,1400.0,248.0,213.0,68.0,891.0,2,3,4
2236.0,71.0,30.0,270.0,185.0,534.0,237.0,168.0,41.0,242.0,2,3,4
2380.0,62.0,27.0,335.0,90.0,764.0,231.0,173.0,58.0,379.0,9,3,4
2114.0,114.0,11.0,30.0,3.0,1230.0,240.0,229.0,118.0,1168.0,16,3,4
2278.0,107.0,28.0,210.0,71.0,636.0,254.0,195.0,50.0,1655.0,2,3,4
2359.0,96.0,17.0,0.0,0.0,524.0,245.0,213.0,90.0,484.0,0,3,4
2203.0,59.0,21.0,0.0,0.0,900.0,231.0,190.0,83.0,934.0,4,3,4
2189.0,330.0,9.0,67.0,8.0,1110.0,199.0,229.0,170.0,1195.0,3,3,4
2068.0,170.0,25.0,30.0,13.0,853.0,228.0,241.0,129.0,309.0,0,3,4
2297.0,142.0,24.0,371.0,3.0,1061.0,246.0,226.0,94.0,577.0,2,3,4
2292.0,110.0,29.0,240.0,81.0,616.0,254.0,195.0,47.0,1677.0,2,3,4
2401.0,16.0,16.0,30.0,3.0,470.0,204.0,204.0,133.0,1320.0,10,3,4
2205.0,123.0,21.0,0.0,0.0,764.0,250.0,219.0,87.0,362.0,3,3,4
2239.0,76.0,15.0,0.0,0.0,390.0,238.0,210.0,99.0,1805.0,2,3,4
2125.0,109.0,17.0,0.0,0.0,1167.0,247.0,219.0,96.0,516.0,2,3,4
2253.0,109.0,17.0,0.0,0.0,408.0,247.0,218.0,93.0,700.0,0,3,4
2278.0,138.0,22.0,228.0,120.0,1429.0,247.0,226.0,97.0,841.0,2,3,4
2332.0,95.0,13.0,0.0,0.0,216.0,240.0,221.0,110.0,782.0,3,3,4
2185.0,101.0,28.0,85.0,45.0,1358.0,253.0,190.0,46.0,722.0,2,3,4
2358.0,73.0,12.0,218.0,64.0,984.0,234.0,217.0,113.0,603.0,5,3,4
2202.0,299.0,10.0,0.0,0.0,1388.0,193.0,237.0,184.0,764.0,16,3,4
2351.0,108.0,24.0,319.0,154.0,853.0,252.0,206.0,68.0,1489.0,2,3,4
2233.0,112.0,17.0,60.0,12.0,607.0,247.0,220.0,97.0,1702.0,2,3,4
2296.0,230.0,20.0,384.0,176.0,1018.0,186.0,254.0,200.0,518.0,2,3,4
2379.0,126.0,21.0,270.0,85.0,1068.0,250.0,220.0,88.0,660.0,5,3,4
2245.0,46.0,18.0,0.0,0.0,379.0,223.0,199.0,104.0,1777.0,3,3,4
2311.0,167.0,18.0,361.0,130.0,1195.0,232.0,244.0,135.0,1168.0,5,3,4
2225.0,143.0,12.0,30.0,4.0,551.0,237.0,237.0,128.0,1767.0,2,3,4
2326.0,281.0,13.0,30.0,10.0,566.0,183.0,241.0,197.0,618.0,2,3,4
2317.0,165.0,18.0,297.0,134.0,1249.0,233.0,243.0,133.0,1091.0,5,3,4
2132.0,203.0,17.0,60.0,0.0,1317.0,210.0,253.0,173.0,1307.0,0,3,4
2339.0,126.0,21.0,518.0,264.0,1476.0,250.0,220.0,87.0,1019.0,1,3,4
2076.0,324.0,4.0,0.0,0.0,671.0,209.0,235.0,165.0,95.0,2,3,4
2277.0,128.0,29.0,150.0,80.0,830.0,253.0,207.0,59.0,1468.0,2,3,4
2134.0,110.0,9.0,0.0,0.0,955.0,236.0,230.0,126.0,607.0,13,3,4
2326.0,114.0,34.0,175.0,85.0,424.0,254.0,184.0,28.0,1867.0,2,3,4
2118.0,200.0,23.0,30.0,7.0,594.0,205.0,253.0,172.0,484.0,3,3,4
2080.0,106.0,24.0,30.0,12.0,582.0,252.0,202.0,64.0,108.0,2,3,4
2312.0,77.0,3.0,0.0,0.0,1200.0,224.0,233.0,145.0,150.0,5,3,4
2270.0,45.0,8.0,0.0,0.0,255.0,223.0,223.0,135.0,379.0,9,3,4
2202.0,122.0,19.0,30.0,5.0,828.0,249.0,222.0,93.0,1464.0,2,3,4
2042.0,79.0,28.0,30.0,12.0,514.0,243.0,176.0,0.0,658.0,0,3,4
2298.0,112.0,37.0,319.0,198.0,830.0,253.0,173.0,12.0,330.0,2,3,4
2290.0,201.0,26.0,457.0,150.0,1337.0,200.0,252.0,173.0,825.0,1,3,4
2316.0,131.0,16.0,0.0,0.0,604.0,244.0,230.0,111.0,685.0,16,3,4
2013.0,58.0,23.0,0.0,0.0,319.0,230.0,186.0,78.0,402.0,16,3,4
2219.0,96.0,12.0,30.0,-10.0,1423.0,239.0,223.0,113.0,983.0,9,3,4
2216.0,124.0,31.0,216.0,116.0,782.0,253.0,200.0,48.0,212.0,2,3,4
2271.0,23.0,12.0,0.0,0.0,931.0,213.0,215.0,137.0,417.0,5,3,4
2430.0,51.0,9.0,0.0,0.0,391.0,225.0,221.0,129.0,1307.0,5,3,4
2397.0,114.0,10.0,30.0,11.0,875.0,238.0,230.0,122.0,999.0,5,3,4
2291.0,131.0,22.0,234.0,108.0,1302.0,249.0,222.0,88.0,1015.0,2,3,4
2239.0,56.0,14.0,30.0,9.0,1283.0,228.0,209.0,111.0,636.0,1,3,4
2116.0,8.0,2.0,30.0,0.0,1266.0,217.0,235.0,155.0,1048.0,0,3,4
2180.0,69.0,3.0,0.0,0.0,1126.0,223.0,233.0,145.0,1168.0,3,3,4
2304.0,116.0,20.0,85.0,29.0,300.0,250.0,217.0,85.0,1560.0,3,3,4
2239.0,36.0,17.0,0.0,0.0,1507.0,217.0,200.0,113.0,947.0,16,3,4
2120.0,104.0,10.0,30.0,3.0,1256.0,237.0,228.0,121.0,454.0,2,3,4
2125.0,307.0,7.0,30.0,1.0,1072.0,201.0,236.0,175.0,1355.0,16,3,4
2215.0,60.0,26.0,216.0,89.0,1224.0,230.0,177.0,65.0,624.0,9,3,4
2160.0,199.0,24.0,0.0,0.0,1087.0,203.0,252.0,171.0,853.0,16,3,4
2225.0,141.0,29.0,67.0,37.0,1252.0,248.0,218.0,77.0,1040.0,2,3,4
2330.0,260.0,5.0,382.0,147.0,1260.0,207.0,243.0,174.0,1114.0,5,3,4
2258.0,156.0,19.0,212.0,77.0,1110.0,238.0,238.0,121.0,1200.0,2,3,4
2299.0,171.0,13.0,443.0,5.0,1308.0,229.0,245.0,146.0,878.0,1,3,4
2348.0,136.0,24.0,313.0,151.0,722.0,249.0,222.0,87.0,1608.0,2,3,4
2041.0,302.0,9.0,30.0,1.0,732.0,194.0,236.0,181.0,677.0,16,3,4
2119.0,303.0,19.0,60.0,-1.0,1150.0,163.0,227.0,202.0,1262.0,16,3,4
2266.0,142.0,25.0,190.0,103.0,1403.0,247.0,225.0,92.0,900.0,2,3,4
2205.0,49.0,28.0,0.0,0.0,1366.0,218.0,168.0,66.0,953.0,16,3,4
2172.0,296.0,8.0,0.0,0.0,1282.0,197.0,238.0,180.0,914.0,16,3,4
2220.0,18.0,12.0,0.0,0.0,828.0,211.0,215.0,140.0,351.0,13,3,4
2211.0,94.0,11.0,30.0,4.0,659.0,238.0,223.0,115.0,1663.0,3,3,4
2229.0,138.0,27.0,108.0,66.0,1400.0,249.0,219.0,80.0,892.0,2,3,4
2078.0,103.0,30.0,42.0,16.0,891.0,253.0,187.0,39.0,162.0,0,3,4
2132.0,353.0,15.0,0.0,0.0,1282.0,193.0,213.0,157.0,1362.0,16,3,4
2314.0,97.0,36.0,319.0,210.0,872.0,251.0,166.0,12.0,361.0,2,3,4
2258.0,118.0,23.0,85.0,33.0,492.0,252.0,212.0,74.0,1804.0,2,3,4
2296.0,234.0,29.0,319.0,176.0,1041.0,159.0,250.0,216.0,503.0,2,3,4
2290.0,84.0,22.0,0.0,0.0,1328.0,245.0,197.0,70.0,824.0,16,3,4
2197.0,61.0,6.0,0.0,0.0,1505.0,225.0,227.0,136.0,834.0,16,3,4
2320.0,74.0,18.0,0.0,0.0,283.0,238.0,204.0,91.0,1222.0,0,3,4
2388.0,103.0,22.0,283.0,160.0,458.0,250.0,207.0,74.0,1852.0,5,3,4
2077.0,322.0,8.0,0.0,0.0,1410.0,200.0,232.0,172.0,752.0,16,3,4
2347.0,112.0,37.0,192.0,106.0,404.0,253.0,174.0,13.0,1889.0,2,3,4
2162.0,289.0,9.0,0.0,0.0,1158.0,196.0,239.0,183.0,769.0,16,3,4
2169.0,53.0,2.0,30.0,-13.0,1233.0,221.0,234.0,150.0,1064.0,3,3,4
2235.0,0.0,1.0,0.0,0.0,1556.0,217.0,236.0,156.0,866.0,16,3,4
2939.0,95.0,31.0,361.0,195.0,1976.0,251.0,179.0,32.0,660.0,12,2,5
2867.0,217.0,12.0,960.0,187.0,2340.0,207.0,251.0,179.0,1570.0,16,2,5
2830.0,13.0,9.0,30.0,2.0,1492.0,211.0,221.0,146.0,1136.0,22,2,5
2916.0,132.0,6.0,30.0,1.0,4750.0,230.0,237.0,140.0,1915.0,28,0,5
2755.0,120.0,19.0,95.0,3.0,485.0,249.0,221.0,92.0,324.0,29,0,5
2835.0,181.0,19.0,42.0,7.0,1159.0,223.0,248.0,150.0,2423.0,19,2,5
2725.0,94.0,11.0,30.0,5.0,706.0,237.0,224.0,117.0,2147.0,16,2,5
2714.0,22.0,8.0,277.0,15.0,60.0,215.0,224.0,145.0,741.0,16,2,5
2731.0,75.0,27.0,175.0,45.0,201.0,240.0,178.0,50.0,2003.0,29,0,5
2849.0,103.0,15.0,120.0,22.0,997.0,244.0,219.0,100.0,256.0,29,0,5
2781.0,76.0,32.0,240.0,55.0,285.0,240.0,165.0,31.0,2030.0,29,0,5
2570.0,335.0,7.0,175.0,8.0,1601.0,205.0,231.0,165.0,1761.0,1,2,5
2727.0,99.0,24.0,180.0,95.0,210.0,251.0,198.0,61.0,642.0,29,0,5
2963.0,307.0,5.0,0.0,0.0,1606.0,207.0,237.0,169.0,1579.0,18,2,5
2887.0,230.0,12.0,60.0,3.0,2125.0,201.0,251.0,186.0,1423.0,22,2,5
2633.0,171.0,10.0,0.0,0.0,1173.0,227.0,245.0,149.0,752.0,1,2,5
2789.0,15.0,8.0,644.0,55.0,300.0,213.0,223.0,147.0,962.0,10,2,5
2701.0,109.0,18.0,42.0,11.0,1273.0,248.0,217.0,91.0,757.0,30,2,5
2737.0,66.0,24.0,30.0,11.0,180.0,235.0,186.0,69.0,2161.0,29,0,5
2851.0,55.0,18.0,153.0,60.0,2143.0,229.0,199.0,97.0,2219.0,32,2,5
2792.0,107.0,16.0,240.0,5.0,513.0,245.0,220.0,99.0,300.0,29,0,5
2884.0,0.0,7.0,295.0,52.0,780.0,210.0,228.0,155.0,1471.0,10,2,5
2917.0,307.0,5.0,30.0,2.0,4804.0,207.0,237.0,169.0,1905.0,22,0,5
2896.0,175.0,8.0,124.0,5.0,1731.0,225.0,245.0,153.0,1441.0,31,2,5
2562.0,76.0,4.0,350.0,16.0,1215.0,225.0,232.0,143.0,1339.0,1,2,5
2870.0,288.0,27.0,648.0,169.0,2010.0,135.0,226.0,225.0,1896.0,12,2,5
2954.0,263.0,6.0,67.0,2.0,4751.0,205.0,243.0,176.0,2293.0,28,0,5
2567.0,326.0,7.0,150.0,8.0,1608.0,203.0,232.0,168.0,1754.0,1,2,5
2863.0,180.0,13.0,987.0,85.0,2401.0,224.0,248.0,153.0,1503.0,33,2,5
2764.0,343.0,16.0,190.0,53.0,1667.0,186.0,214.0,166.0,1155.0,10,2,5
2889.0,176.0,24.0,150.0,34.0,467.0,224.0,244.0,139.0,1084.0,12,2,5
2935.0,297.0,15.0,256.0,22.0,5139.0,177.0,234.0,197.0,1691.0,28,0,5
2722.0,67.0,31.0,60.0,-18.0,120.0,232.0,161.0,37.0,2370.0,29,0,5
2812.0,137.0,12.0,85.0,15.0,2294.0,238.0,235.0,126.0,1224.0,12,2,5
2748.0,163.0,14.0,124.0,18.0,2506.0,232.0,243.0,139.0,2190.0,10,2,5
2746.0,86.0,9.0,30.0,4.0,780.0,234.0,225.0,122.0,2160.0,16,2,5
2800.0,79.0,15.0,90.0,30.0,1813.0,239.0,211.0,98.0,1747.0,32,2,5
2772.0,21.0,12.0,190.0,-3.0,1908.0,212.0,214.0,138.0,2716.0,28,0,5
2808.0,49.0,16.0,120.0,25.0,2015.0,225.0,204.0,109.0,2018.0,32,2,5
2819.0,169.0,20.0,324.0,-3.0,660.0,231.0,244.0,136.0,525.0,29,0,5
2774.0,56.0,7.0,0.0,0.0,938.0,225.0,226.0,135.0,2143.0,16,2,5
2808.0,45.0,15.0,450.0,138.0,458.0,223.0,205.0,112.0,2175.0,28,0,5
2783.0,82.0,31.0,162.0,110.0,180.0,244.0,171.0,34.0,1481.0,28,0,5
2605.0,62.0,5.0,277.0,7.0,601.0,224.0,230.0,142.0,6268.0,28,0,5
2566.0,77.0,5.0,295.0,21.0,1282.0,227.0,230.0,138.0,1390.0,1,2,5
2708.0,96.0,15.0,0.0,0.0,2691.0,243.0,217.0,99.0,2227.0,28,0,5
2941.0,47.0,12.0,67.0,13.0,4663.0,224.0,214.0,123.0,2097.0,22,0,5
2792.0,26.0,14.0,201.0,134.0,212.0,213.0,208.0,129.0,1340.0,28,0,5
2702.0,74.0,30.0,85.0,43.0,108.0,239.0,169.0,39.0,1689.0,29,0,5
2606.0,352.0,7.0,175.0,5.0,589.0,208.0,228.0,158.0,6148.0,28,0,5
2908.0,172.0,14.0,541.0,64.0,2584.0,229.0,246.0,145.0,1891.0,25,2,5
2708.0,92.0,20.0,120.0,55.0,120.0,246.0,206.0,80.0,1869.0,29,0,5
2757.0,60.0,15.0,42.0,8.0,1433.0,231.0,207.0,104.0,1092.0,32,2,5
2719.0,94.0,31.0,42.0,17.0,120.0,250.0,176.0,30.0,2490.0,29,0,5
2564.0,358.0,16.0,95.0,36.0,808.0,193.0,209.0,152.0,1221.0,10,2,5
2851.0,212.0,23.0,376.0,112.0,1742.0,193.0,254.0,187.0,2161.0,12,2,5
2834.0,98.0,5.0,0.0,0.0,1725.0,228.0,233.0,138.0,1919.0,16,2,5
2788.0,198.0,27.0,201.0,105.0,1154.0,201.0,251.0,169.0,1747.0,3,2,5
2844.0,54.0,18.0,124.0,50.0,2164.0,228.0,197.0,96.0,2224.0,32,2,5
2743.0,45.0,12.0,0.0,0.0,1635.0,223.0,214.0,123.0,2589.0,22,0,5
2502.0,108.0,8.0,162.0,11.0,930.0,233.0,232.0,130.0,5308.0,17,0,5
2841.0,307.0,21.0,0.0,0.0,2187.0,157.0,222.0,203.0,902.0,32,2,5
2797.0,85.0,8.0,30.0,4.0,990.0,232.0,227.0,128.0,2551.0,10,2,5
2852.0,329.0,13.0,0.0,0.0,1600.0,187.0,223.0,175.0,1216.0,22,2,5
2887.0,313.0,8.0,0.0,0.0,2079.0,199.0,234.0,175.0,1506.0,22,2,5
2859.0,178.0,8.0,382.0,28.0,2353.0,224.0,245.0,155.0,2058.0,25,2,5
2704.0,107.0,14.0,30.0,8.0,1282.0,243.0,223.0,106.0,726.0,30,2,5
2899.0,249.0,4.0,30.0,1.0,4927.0,211.0,242.0,170.0,1602.0,22,0,5
2759.0,21.0,3.0,0.0,0.0,866.0,217.0,232.0,152.0,2272.0,16,2,5
2728.0,89.0,20.0,190.0,61.0,268.0,246.0,203.0,77.0,537.0,29,0,5
2776.0,105.0,3.0,42.0,-2.0,1680.0,224.0,236.0,147.0,2411.0,16,2,5
2907.0,148.0,34.0,268.0,161.0,2081.0,242.0,215.0,72.0,684.0,12,2,5
2843.0,189.0,24.0,366.0,116.0,1711.0,213.0,249.0,157.0,2192.0,3,2,5
2546.0,288.0,6.0,30.0,1.0,1624.0,203.0,239.0,175.0,1622.0,3,2,5
2826.0,169.0,27.0,60.0,18.0,607.0,228.0,239.0,124.0,1337.0,12,2,5
2928.0,252.0,14.0,153.0,15.0,5101.0,187.0,249.0,200.0,1611.0,28,0,5
2917.0,99.0,21.0,153.0,37.0,2372.0,249.0,206.0,75.0,573.0,12,2,5
2859.0,313.0,16.0,607.0,93.0,2078.0,175.0,226.0,191.0,858.0,10,2,5
2745.0,223.0,15.0,182.0,49.0,926.0,200.0,253.0,187.0,1935.0,3,2,5
2723.0,85.0,19.0,85.0,19.0,300.0,243.0,205.0,84.0,495.0,29,0,5
2743.0,28.0,7.0,0.0,0.0,1082.0,218.0,225.0,143.0,2226.0,16,2,5
2781.0,83.0,28.0,234.0,120.0,255.0,245.0,180.0,45.0,1950.0,29,0,5
2862.0,201.0,23.0,525.0,30.0,819.0,203.0,253.0,173.0,1723.0,3,2,5
2714.0,97.0,21.0,124.0,35.0,277.0,249.0,205.0,74.0,541.0,29,0,5
2802.0,226.0,20.0,175.0,68.0,1570.0,187.0,254.0,198.0,2340.0,12,2,5
2897.0,129.0,21.0,242.0,70.0,1050.0,249.0,222.0,91.0,365.0,29,0,5
2863.0,148.0,19.0,150.0,44.0,2205.0,242.0,235.0,114.0,990.0,12,2,5
2723.0,84.0,25.0,180.0,83.0,180.0,246.0,189.0,58.0,807.0,29,0,5
2739.0,124.0,16.0,0.0,0.0,424.0,245.0,227.0,105.0,365.0,29,0,5
2741.0,140.0,30.0,192.0,-60.0,514.0,248.0,215.0,71.0,366.0,29,0,5
2721.0,280.0,11.0,0.0,0.0,1602.0,190.0,241.0,191.0,1072.0,22,2,5
2738.0,92.0,24.0,134.0,-50.0,180.0,248.0,196.0,63.0,2330.0,29,0,5
2685.0,112.0,24.0,192.0,69.0,1380.0,252.0,207.0,69.0,693.0,29,0,5
2848.0,82.0,24.0,459.0,199.0,474.0,244.0,189.0,60.0,1687.0,29,0,5
2647.0,63.0,14.0,30.0,-4.0,1410.0,232.0,211.0,108.0,713.0,32,2,5
2487.0,114.0,3.0,30.0,-3.0,841.0,224.0,236.0,147.0,5399.0,17,0,5
2868.0,270.0,19.0,371.0,36.0,1015.0,168.0,243.0,213.0,1827.0,3,2,5
2879.0,41.0,10.0,382.0,47.0,760.0,222.0,217.0,130.0,1436.0,10,2,5
2693.0,120.0,14.0,0.0,0.0,2322.0,243.0,228.0,111.0,604.0,30,2,5
2859.0,258.0,15.0,30.0,6.0,2010.0,183.0,248.0,203.0,1296.0,22,2,5
2841.0,321.0,13.0,67.0,3.0,1556.0,186.0,227.0,180.0,1253.0,22,2,5
2504.0,45.0,8.0,90.0,11.0,757.0,222.0,223.0,136.0,5526.0,17,0,5
2744.0,99.0,11.0,247.0,56.0,256.0,238.0,225.0,117.0,2473.0,28,0,5
2762.0,149.0,8.0,218.0,8.0,1712.0,231.0,240.0,140.0,2227.0,12,2,5
2798.0,39.0,12.0,182.0,145.0,190.0,220.0,213.0,126.0,1332.0,29,0,5
2978.0,136.0,27.0,417.0,233.0,1952.0,250.0,217.0,76.0,785.0,12,2,5
2943.0,97.0,19.0,426.0,-69.0,566.0,247.0,209.0,83.0,1889.0,28,0,5
2868.0,184.0,28.0,90.0,32.0,525.0,213.0,245.0,147.0,1209.0,12,2,5
2820.0,92.0,20.0,201.0,95.0,2007.0,246.0,205.0,79.0,499.0,12,2,5
2987.0,118.0,28.0,417.0,242.0,1931.0,254.0,202.0,55.0,751.0,12,2,5
2735.0,85.0,25.0,201.0,103.0,210.0,246.0,188.0,56.0,811.0,29,0,5
2752.0,45.0,15.0,175.0,39.0,2521.0,223.0,206.0,114.0,361.0,9,2,5
2807.0,47.0,17.0,247.0,159.0,256.0,224.0,200.0,105.0,1398.0,28,0,5
2758.0,64.0,32.0,162.0,88.0,190.0,230.0,157.0,35.0,1641.0,28,0,5
2877.0,309.0,10.0,67.0,-3.0,1708.0,193.0,234.0,181.0,1475.0,22,2,5
2593.0,169.0,10.0,67.0,1.0,2955.0,228.0,244.0,148.0,2135.0,1,2,5
2906.0,354.0,7.0,192.0,20.0,1919.0,209.0,228.0,157.0,1452.0,31,2,5
2615.0,73.0,7.0,134.0,3.0,664.0,229.0,226.0,131.0,6125.0,28,0,5
2875.0,204.0,12.0,339.0,114.0,2148.0,213.0,251.0,171.0,713.0,30,2,5
2706.0,110.0,19.0,162.0,68.0,1470.0,249.0,215.0,87.0,760.0,29,0,5
2757.0,255.0,20.0,150.0,12.0,1618.0,171.0,248.0,213.0,2315.0,16,2,5
2901.0,94.0,21.0,360.0,229.0,1234.0,248.0,203.0,74.0,811.0,31,2,5
2570.0,345.0,12.0,124.0,42.0,859.0,196.0,221.0,163.0,1222.0,10,2,5
2964.0,198.0,2.0,745.0,132.0,537.0,218.0,240.0,158.0,1507.0,10,2,5
2843.0,83.0,28.0,268.0,171.0,1383.0,245.0,181.0,46.0,999.0,12,2,5
2908.0,108.0,21.0,95.0,10.0,2359.0,250.0,211.0,79.0,531.0,12,2,5
2884.0,261.0,9.0,0.0,0.0,2063.0,199.0,245.0,185.0,1400.0,22,2,5
2754.0,74.0,30.0,153.0,111.0,162.0,239.0,168.0,37.0,2100.0,29,0,5
2847.0,297.0,29.0,513.0,95.0,1892.0,126.0,215.0,223.0,2011.0,12,2,5
2863.0,210.0,20.0,297.0,92.0,1048.0,201.0,254.0,182.0,1766.0,12,2,5
2570.0,28.0,7.0,192.0,51.0,800.0,218.0,225.0,143.0,1307.0,10,2,5
2862.0,130.0,16.0,127.0,33.0,2215.0,245.0,229.0,108.0,842.0,12,2,5
2879.0,9.0,10.0,350.0,47.0,750.0,209.0,221.0,149.0,1426.0,10,2,5
2709.0,298.0,11.0,212.0,11.0,1396.0,188.0,236.0,188.0,2112.0,16,2,5
2921.0,171.0,10.0,592.0,73.0,2644.0,227.0,245.0,149.0,1847.0,25,2,5
2895.0,352.0,5.0,258.0,69.0,912.0,211.0,231.0,158.0,1589.0,10,2,5
2779.0,90.0,28.0,60.0,-26.0,268.0,249.0,184.0,44.0,2292.0,29,0,5
2768.0,88.0,32.0,210.0,120.0,210.0,248.0,169.0,25.0,2519.0,29,0,5
2734.0,212.0,15.0,60.0,7.0,1500.0,205.0,253.0,180.0,2435.0,16,2,5
2724.0,212.0,28.0,85.0,41.0,1301.0,184.0,252.0,189.0,1595.0,3,2,5
2846.0,193.0,23.0,424.0,145.0,711.0,210.0,251.0,163.0,1871.0,3,2,5
2715.0,128.0,20.0,85.0,-20.0,366.0,248.0,224.0,94.0,446.0,29,0,5
2688.0,16.0,6.0,0.0,0.0,2657.0,215.0,227.0,149.0,2201.0,15,0,5
2719.0,5.0,24.0,108.0,21.0,1214.0,183.0,187.0,134.0,2165.0,28,0,5
2835.0,39.0,22.0,283.0,173.0,295.0,215.0,186.0,97.0,1486.0,29,0,5
2698.0,45.0,12.0,134.0,33.0,162.0,223.0,214.0,124.0,2208.0,28,0,5
2801.0,87.0,22.0,162.0,63.0,342.0,246.0,198.0,70.0,1323.0,29,0,5
2766.0,87.0,5.0,268.0,36.0,2666.0,227.0,231.0,138.0,1999.0,10,2,5
2561.0,16.0,12.0,150.0,42.0,779.0,209.0,214.0,141.0,1266.0,10,2,5
2850.0,317.0,9.0,543.0,98.0,2002.0,195.0,232.0,176.0,892.0,10,2,5
2860.0,149.0,18.0,201.0,109.0,2040.0,240.0,236.0,119.0,793.0,12,2,5
2788.0,59.0,22.0,42.0,-2.0,216.0,230.0,190.0,82.0,1421.0,28,0,5
2917.0,50.0,12.0,127.0,2.0,4707.0,225.0,213.0,120.0,1879.0,28,0,5
2872.0,343.0,12.0,693.0,106.0,2176.0,195.0,221.0,165.0,845.0,10,2,5
2835.0,279.0,11.0,738.0,78.0,2131.0,188.0,241.0,193.0,1772.0,16,2,5
2841.0,141.0,18.0,134.0,35.0,2234.0,243.0,233.0,112.0,1103.0,12,2,5
2679.0,40.0,7.0,0.0,0.0,2315.0,221.0,224.0,139.0,649.0,30,2,5
2796.0,133.0,10.0,366.0,-1.0,450.0,237.0,235.0,128.0,450.0,29,0,5
2758.0,90.0,12.0,30.0,6.0,811.0,238.0,221.0,112.0,2174.0,16,2,5
2808.0,75.0,22.0,210.0,132.0,218.0,240.0,193.0,73.0,1549.0,28,0,5
2694.0,98.0,12.0,0.0,0.0,1448.0,239.0,223.0,113.0,1387.0,3,2,5
2866.0,55.0,15.0,175.0,62.0,2252.0,228.0,207.0,109.0,2240.0,32,2,5
2744.0,149.0,15.0,430.0,110.0,2563.0,238.0,238.0,125.0,2123.0,9,2,5
2600.0,61.0,6.0,150.0,3.0,454.0,225.0,227.0,136.0,6172.0,28,0,5
2811.0,275.0,19.0,342.0,116.0,979.0,164.0,240.0,214.0,1930.0,3,2,5
2833.0,62.0,17.0,120.0,43.0,2121.0,232.0,202.0,97.0,2165.0,32,2,5
2843.0,114.0,20.0,216.0,77.0,1944.0,250.0,215.0,83.0,1126.0,12,2,5
2804.0,64.0,13.0,0.0,0.0,1634.0,232.0,212.0,110.0,1786.0,16,2,5
2827.0,77.0,17.0,351.0,178.0,1170.0,239.0,206.0,92.0,730.0,12,2,5
2729.0,307.0,12.0,67.0,1.0,1899.0,186.0,233.0,186.0,659.0,30,2,5
2762.0,40.0,20.0,150.0,110.0,153.0,218.0,192.0,102.0,1266.0,29,0,5
2691.0,54.0,12.0,134.0,17.0,153.0,227.0,213.0,117.0,2287.0,28,0,5
2741.0,69.0,28.0,150.0,32.0,218.0,236.0,173.0,50.0,2060.0,29,0,5
2950.0,276.0,9.0,85.0,13.0,4830.0,196.0,242.0,186.0,2081.0,28,0,5
2806.0,67.0,27.0,258.0,115.0,268.0,235.0,176.0,56.0,1382.0,28,0,5
2834.0,127.0,23.0,566.0,56.0,2101.0,251.0,219.0,83.0,1842.0,12,2,5
2795.0,175.0,9.0,430.0,38.0,1914.0,225.0,245.0,153.0,2016.0,16,2,5
2746.0,330.0,5.0,390.0,92.0,2716.0,207.0,233.0,165.0,1392.0,31,2,5
2817.0,206.0,7.0,664.0,54.0,2108.0,216.0,247.0,166.0,1800.0,16,2,5
2678.0,157.0,7.0,150.0,1.0,1195.0,228.0,241.0,146.0,1814.0,31,2,5
2711.0,27.0,7.0,218.0,12.0,85.0,218.0,225.0,144.0,774.0,10,2,5
2796.0,71.0,13.0,190.0,141.0,201.0,234.0,214.0,110.0,1364.0,29,0,5
2886.0,116.0,25.0,190.0,59.0,1072.0,253.0,207.0,67.0,301.0,29,0,5
2717.0,233.0,15.0,120.0,22.0,1482.0,194.0,252.0,193.0,1172.0,22,2,5
2748.0,89.0,33.0,150.0,90.0,150.0,248.0,169.0,23.0,2190.0,29,0,5
2838.0,313.0,17.0,481.0,89.0,1935.0,173.0,225.0,192.0,955.0,10,2,5
2759.0,55.0,32.0,162.0,76.0,182.0,221.0,155.0,43.0,1595.0,28,0,5
2840.0,234.0,8.0,212.0,79.0,2219.0,206.0,248.0,179.0,674.0,32,2,5
2786.0,76.0,27.0,60.0,35.0,1450.0,241.0,179.0,50.0,1201.0,32,2,5
2807.0,73.0,29.0,242.0,161.0,258.0,239.0,171.0,42.0,2011.0,29,0,5
2783.0,33.0,8.0,592.0,49.0,240.0,219.0,222.0,139.0,902.0,10,2,5
2713.0,63.0,7.0,192.0,20.0,170.0,226.0,226.0,134.0,858.0,10,2,5
2967.0,134.0,26.0,390.0,221.0,1973.0,250.0,218.0,79.0,755.0,12,2,5
2782.0,79.0,8.0,0.0,0.0,977.0,231.0,225.0,126.0,2164.0,16,2,5
2766.0,39.0,23.0,216.0,117.0,1310.0,215.0,184.0,95.0,878.0,12,2,5
2885.0,94.0,27.0,402.0,227.0,417.0,250.0,189.0,50.0,1961.0,29,0,5
2785.0,89.0,27.0,60.0,0.0,201.0,248.0,186.0,49.0,1441.0,28,0,5
2764.0,89.0,29.0,180.0,-93.0,228.0,248.0,180.0,39.0,2401.0,29,0,5
2746.0,100.0,32.0,108.0,44.0,162.0,252.0,178.0,27.0,2551.0,29,0,5
2840.0,200.0,23.0,497.0,144.0,819.0,205.0,253.0,172.0,1782.0,3,2,5
2421.0,44.0,19.0,85.0,1.0,886.0,221.0,195.0,101.0,1326.0,9,2,6
2021.0,31.0,22.0,277.0,71.0,600.0,208.0,186.0,105.0,706.0,9,3,6
2147.0,286.0,11.0,108.0,22.0,228.0,189.0,240.0,190.0,661.0,9,3,6
2452.0,270.0,16.0,480.0,182.0,902.0,177.0,244.0,205.0,313.0,9,3,6
2637.0,302.0,27.0,150.0,69.0,1279.0,135.0,215.0,216.0,845.0,32,2,6
2391.0,304.0,14.0,234.0,62.0,1537.0,181.0,232.0,191.0,459.0,9,3,6
2590.0,8.0,9.0,30.0,-3.0,1731.0,210.0,223.0,150.0,2874.0,9,2,6
2417.0,87.0,15.0,180.0,45.0,564.0,241.0,214.0,98.0,999.0,3,2,6
2446.0,0.0,16.0,247.0,17.0,720.0,195.0,209.0,150.0,1136.0,5,3,6
2344.0,344.0,19.0,108.0,35.0,1266.0,179.0,207.0,165.0,283.0,9,3,6
2604.0,25.0,13.0,418.0,30.0,1505.0,213.0,212.0,133.0,1777.0,9,2,6
2508.0,305.0,32.0,108.0,53.0,743.0,116.0,204.0,219.0,551.0,9,2,6
2701.0,1.0,23.0,242.0,95.0,1727.0,180.0,189.0,141.0,2620.0,9,2,6
2332.0,333.0,19.0,384.0,150.0,876.0,172.0,211.0,177.0,1146.0,9,3,6
2426.0,358.0,17.0,242.0,21.0,781.0,193.0,207.0,150.0,1071.0,9,3,6
2323.0,264.0,12.0,162.0,67.0,1020.0,189.0,245.0,195.0,569.0,4,3,6
2718.0,21.0,12.0,0.0,0.0,1099.0,212.0,213.0,137.0,1387.0,19,2,6
2393.0,326.0,19.0,108.0,21.0,1024.0,170.0,216.0,184.0,847.0,9,3,6
2448.0,26.0,17.0,30.0,11.0,644.0,210.0,201.0,123.0,1591.0,19,2,6
2583.0,130.0,11.0,30.0,-3.0,3007.0,238.0,234.0,125.0,1195.0,9,2,6
2727.0,330.0,21.0,242.0,25.0,1784.0,166.0,210.0,180.0,1452.0,12,2,6
2434.0,3.0,20.0,306.0,91.0,700.0,190.0,199.0,142.0,636.0,9,3,6
2276.0,326.0,24.0,134.0,80.0,768.0,154.0,205.0,187.0,607.0,9,3,6
2744.0,332.0,21.0,309.0,-33.0,1168.0,166.0,208.0,179.0,2089.0,12,2,6
2363.0,296.0,10.0,67.0,20.0,234.0,191.0,237.0,186.0,630.0,13,2,6
2432.0,39.0,15.0,175.0,27.0,755.0,219.0,205.0,117.0,1090.0,9,3,6
2384.0,333.0,30.0,67.0,28.0,524.0,139.0,187.0,179.0,752.0,9,2,6
2733.0,350.0,14.0,30.0,7.0,1572.0,193.0,215.0,160.0,1661.0,12,2,6
2739.0,295.0,15.0,0.0,0.0,1061.0,176.0,235.0,198.0,1463.0,19,2,6
2509.0,164.0,14.0,30.0,2.0,1785.0,232.0,244.0,140.0,1670.0,1,2,6
2218.0,71.0,18.0,301.0,90.0,600.0,237.0,202.0,89.0,95.0,1,3,6
2564.0,91.0,25.0,60.0,-5.0,2856.0,249.0,192.0,57.0,990.0,9,2,6
2597.0,83.0,26.0,170.0,45.0,2049.0,245.0,185.0,53.0,659.0,9,2,6
2464.0,337.0,12.0,0.0,0.0,834.0,193.0,223.0,169.0,658.0,16,2,6
2513.0,7.0,24.0,95.0,6.0,1671.0,184.0,187.0,133.0,1666.0,16,2,6
2126.0,321.0,28.0,150.0,76.0,499.0,136.0,200.0,197.0,703.0,9,3,6
2527.0,21.0,29.0,134.0,-46.0,874.0,188.0,167.0,102.0,1214.0,9,2,6
2337.0,113.0,13.0,0.0,0.0,150.0,241.0,227.0,113.0,192.0,2,2,6
2560.0,243.0,33.0,0.0,0.0,2801.0,138.0,244.0,229.0,1006.0,3,2,6
2330.0,301.0,21.0,60.0,19.0,1170.0,156.0,225.0,208.0,1449.0,9,3,6
2416.0,266.0,34.0,67.0,31.0,1188.0,117.0,231.0,242.0,872.0,9,3,6
2217.0,4.0,36.0,85.0,31.0,812.0,151.0,149.0,117.0,1084.0,9,3,6
2302.0,207.0,30.0,60.0,47.0,1731.0,184.0,250.0,183.0,955.0,0,3,6
2246.0,36.0,15.0,360.0,116.0,684.0,218.0,205.0,119.0,42.0,1,3,6
2507.0,32.0,27.0,120.0,-11.0,853.0,202.0,169.0,88.0,1273.0,9,2,6
2232.0,118.0,24.0,85.0,38.0,1530.0,252.0,211.0,72.0,450.0,1,3,6
2466.0,312.0,16.0,175.0,35.0,1362.0,174.0,226.0,192.0,511.0,9,3,6
2487.0,69.0,4.0,108.0,15.0,531.0,224.0,231.0,143.0,1383.0,5,3,6
2429.0,339.0,29.0,150.0,50.0,799.0,146.0,185.0,170.0,1047.0,9,2,6
2630.0,339.0,22.0,30.0,12.0,1328.0,168.0,203.0,170.0,1266.0,19,2,6
2520.0,28.0,16.0,277.0,46.0,658.0,212.0,204.0,124.0,1047.0,1,2,6
2327.0,259.0,20.0,67.0,10.0,1410.0,168.0,247.0,215.0,437.0,9,3,6
2415.0,133.0,11.0,0.0,0.0,700.0,237.0,235.0,127.0,1087.0,13,2,6
2363.0,79.0,15.0,0.0,0.0,67.0,239.0,211.0,98.0,242.0,13,2,6
2661.0,40.0,31.0,85.0,45.0,1184.0,205.0,156.0,66.0,800.0,32,2,6
2399.0,327.0,26.0,85.0,41.0,466.0,147.0,200.0,188.0,658.0,9,2,6
2196.0,282.0,28.0,120.0,78.0,693.0,133.0,229.0,229.0,960.0,9,3,6
2163.0,343.0,33.0,272.0,-17.0,787.0,137.0,172.0,162.0,735.0,9,3,6
2319.0,51.0,28.0,90.0,36.0,1254.0,221.0,169.0,65.0,1131.0,3,3,6
2359.0,355.0,32.0,268.0,89.0,700.0,150.0,165.0,140.0,547.0,9,3,6
2668.0,76.0,25.0,85.0,19.0,2120.0,241.0,186.0,60.0,2010.0,9,2,6
2493.0,326.0,22.0,85.0,35.0,792.0,159.0,209.0,187.0,573.0,9,2,6
2443.0,21.0,3.0,30.0,-3.0,1036.0,217.0,232.0,152.0,859.0,9,2,6
2471.0,206.0,13.0,175.0,21.0,875.0,211.0,252.0,173.0,124.0,1,3,6
2431.0,69.0,20.0,212.0,85.0,525.0,237.0,197.0,83.0,976.0,9,2,6
2445.0,22.0,15.0,450.0,175.0,955.0,209.0,207.0,131.0,1012.0,5,3,6
2452.0,120.0,7.0,0.0,0.0,1359.0,232.0,235.0,136.0,1064.0,15,2,6
2343.0,279.0,25.0,120.0,37.0,1249.0,145.0,234.0,225.0,1477.0,9,3,6
2601.0,35.0,15.0,272.0,101.0,1806.0,217.0,206.0,121.0,859.0,9,2,6
2534.0,180.0,4.0,0.0,0.0,1316.0,221.0,242.0,156.0,1376.0,16,2,6
2639.0,331.0,13.0,0.0,0.0,1416.0,188.0,223.0,174.0,1203.0,19,2,6
2422.0,13.0,29.0,330.0,152.0,757.0,179.0,168.0,114.0,684.0,9,3,6
2544.0,39.0,17.0,0.0,0.0,824.0,218.0,199.0,111.0,979.0,19,2,6
2089.0,6.0,14.0,30.0,-1.0,277.0,201.0,212.0,146.0,430.0,9,3,6
2466.0,29.0,18.0,524.0,122.0,840.0,211.0,198.0,118.0,1434.0,5,3,6
2327.0,320.0,20.0,162.0,102.0,979.0,166.0,218.0,190.0,618.0,4,3,6
2444.0,270.0,11.0,361.0,188.0,1464.0,192.0,244.0,192.0,524.0,5,3,6
2323.0,2.0,6.0,60.0,7.0,1530.0,211.0,228.0,154.0,541.0,9,3,6
1919.0,44.0,26.0,162.0,68.0,150.0,216.0,173.0,77.0,706.0,4,3,6
2308.0,303.0,23.0,95.0,32.0,1136.0,150.0,222.0,209.0,1310.0,9,3,6
2728.0,2.0,7.0,255.0,82.0,2123.0,211.0,227.0,154.0,2250.0,9,2,6
1978.0,21.0,9.0,108.0,40.0,420.0,214.0,221.0,142.0,685.0,0,3,6
2602.0,30.0,13.0,335.0,24.0,1600.0,216.0,211.0,129.0,1841.0,10,2,6
2442.0,152.0,9.0,0.0,0.0,1809.0,232.0,240.0,139.0,192.0,15,2,6
2235.0,7.0,23.0,0.0,0.0,874.0,186.0,189.0,134.0,1142.0,9,3,6
2370.0,96.0,22.0,67.0,27.0,854.0,249.0,201.0,69.0,1448.0,4,3,6
2455.0,341.0,21.0,162.0,4.0,853.0,173.0,205.0,168.0,1044.0,9,3,6
2649.0,327.0,7.0,0.0,0.0,2190.0,204.0,233.0,168.0,2463.0,16,2,6
2750.0,314.0,24.0,170.0,16.0,1719.0,147.0,213.0,202.0,1537.0,12,2,6
2579.0,57.0,7.0,480.0,127.0,661.0,225.0,226.0,136.0,1167.0,1,2,6
1927.0,18.0,26.0,210.0,76.0,180.0,189.0,175.0,111.0,782.0,4,3,6
1998.0,326.0,15.0,295.0,69.0,540.0,182.0,222.0,179.0,779.0,0,3,6
2367.0,274.0,4.0,30.0,2.0,752.0,210.0,240.0,169.0,1570.0,10,3,6
2492.0,208.0,4.0,30.0,6.0,1233.0,217.0,243.0,162.0,1158.0,16,2,6
2259.0,349.0,31.0,212.0,96.0,872.0,149.0,173.0,152.0,1142.0,9,3,6
2232.0,335.0,23.0,67.0,35.0,1348.0,162.0,202.0,176.0,636.0,9,3,6
2626.0,340.0,18.0,90.0,15.0,1974.0,178.0,210.0,169.0,2635.0,23,2,6
2353.0,327.0,22.0,85.0,26.0,1350.0,160.0,209.0,186.0,256.0,9,3,6
2539.0,37.0,20.0,120.0,11.0,426.0,216.0,193.0,105.0,1500.0,9,2,6
2136.0,11.0,29.0,30.0,11.0,511.0,175.0,167.0,116.0,379.0,9,3,6
2562.0,300.0,25.0,120.0,44.0,1050.0,142.0,221.0,215.0,1631.0,32,2,6
2417.0,64.0,24.0,30.0,17.0,1040.0,234.0,185.0,71.0,726.0,9,3,6
2096.0,325.0,32.0,85.0,41.0,459.0,125.0,187.0,192.0,722.0,9,3,6
2298.0,33.0,30.0,134.0,28.0,594.0,199.0,160.0,79.0,866.0,9,3,6
2575.0,112.0,11.0,60.0,-6.0,2895.0,239.0,228.0,119.0,1055.0,3,2,6
2175.0,351.0,28.0,95.0,33.0,1368.0,158.0,179.0,151.0,430.0,9,3,6
2310.0,284.0,12.0,42.0,0.0,1470.0,187.0,240.0,192.0,503.0,9,3,6
2440.0,251.0,22.0,95.0,49.0,1423.0,165.0,249.0,218.0,638.0,9,3,6
2404.0,306.0,27.0,162.0,51.0,1207.0,136.0,213.0,212.0,684.0,9,3,6
2428.0,296.0,31.0,272.0,157.0,767.0,121.0,214.0,225.0,1170.0,9,3,6
2398.0,5.0,22.0,255.0,82.0,1421.0,186.0,191.0,137.0,379.0,9,3,6
2425.0,133.0,17.0,85.0,15.0,488.0,245.0,229.0,107.0,1383.0,5,3,6
2259.0,245.0,20.0,67.0,26.0,1592.0,176.0,251.0,209.0,878.0,1,3,6
2501.0,83.0,24.0,268.0,107.0,807.0,245.0,191.0,63.0,949.0,9,2,6
2675.0,86.0,8.0,433.0,-39.0,684.0,232.0,227.0,129.0,85.0,3,2,6
2445.0,347.0,14.0,120.0,11.0,277.0,193.0,217.0,162.0,1176.0,10,3,6
2743.0,305.0,20.0,365.0,132.0,1852.0,162.0,225.0,202.0,2377.0,9,2,6
2765.0,2.0,8.0,417.0,113.0,2016.0,209.0,224.0,154.0,2071.0,9,2,6
2646.0,103.0,5.0,30.0,0.0,2081.0,229.0,233.0,138.0,2011.0,9,2,6
2055.0,327.0,19.0,30.0,14.0,532.0,169.0,215.0,183.0,684.0,13,3,6
2400.0,66.0,5.0,247.0,74.0,1054.0,225.0,230.0,141.0,1158.0,5,3,6
2532.0,331.0,13.0,268.0,101.0,1142.0,189.0,223.0,174.0,488.0,5,3,6
2777.0,328.0,23.0,150.0,28.0,1697.0,159.0,207.0,184.0,1587.0,12,2,6
2441.0,48.0,13.0,60.0,7.0,330.0,224.0,212.0,120.0,1243.0,10,3,6
2404.0,320.0,21.0,170.0,67.0,765.0,160.0,214.0,192.0,1208.0,9,3,6
2374.0,273.0,30.0,124.0,37.0,242.0,128.0,232.0,236.0,247.0,9,2,6
2379.0,253.0,21.0,270.0,109.0,1116.0,167.0,249.0,216.0,379.0,9,3,6
2401.0,57.0,15.0,30.0,7.0,854.0,229.0,208.0,109.0,1398.0,9,2,6
2532.0,343.0,18.0,190.0,77.0,680.0,180.0,210.0,166.0,469.0,9,2,6
2700.0,3.0,19.0,277.0,58.0,2117.0,191.0,201.0,144.0,2313.0,9,2,6
2403.0,114.0,31.0,30.0,14.0,484.0,254.0,193.0,41.0,511.0,3,2,6
2588.0,30.0,24.0,180.0,40.0,297.0,205.0,181.0,101.0,1409.0,9,2,6
2375.0,62.0,12.0,242.0,105.0,743.0,230.0,215.0,115.0,967.0,5,3,6
2576.0,120.0,15.0,404.0,121.0,743.0,245.0,226.0,106.0,1084.0,1,2,6
2544.0,44.0,25.0,0.0,0.0,726.0,217.0,176.0,81.0,1403.0,9,2,6
2331.0,319.0,11.0,30.0,0.0,1381.0,192.0,230.0,178.0,272.0,15,3,6
2425.0,41.0,16.0,60.0,-6.0,914.0,221.0,204.0,114.0,1243.0,9,2,6
2359.0,324.0,15.0,42.0,11.0,1317.0,181.0,223.0,181.0,552.0,9,3,6
2151.0,307.0,27.0,150.0,62.0,914.0,138.0,213.0,211.0,824.0,9,3,6
2598.0,6.0,19.0,277.0,119.0,700.0,193.0,200.0,141.0,342.0,32,2,6
2793.0,292.0,28.0,390.0,226.0,1315.0,132.0,222.0,224.0,990.0,32,2,6
2561.0,318.0,29.0,127.0,61.0,870.0,132.0,200.0,201.0,379.0,32,2,6
2405.0,314.0,24.0,170.0,59.0,1249.0,151.0,214.0,200.0,648.0,9,3,6
2404.0,352.0,9.0,108.0,23.0,553.0,205.0,225.0,158.0,1332.0,10,3,6
2523.0,103.0,3.0,30.0,0.0,2429.0,225.0,235.0,145.0,2336.0,16,2,6
2724.0,25.0,9.0,443.0,102.0,2505.0,216.0,221.0,141.0,1500.0,31,2,6
2164.0,316.0,36.0,120.0,75.0,603.0,104.0,184.0,207.0,871.0,9,3,6
2343.0,351.0,23.0,362.0,133.0,966.0,174.0,195.0,155.0,1233.0,9,3,6
2528.0,347.0,21.0,60.0,12.0,940.0,175.0,202.0,161.0,433.0,32,2,6
2399.0,355.0,9.0,216.0,60.0,1452.0,206.0,224.0,157.0,511.0,9,3,6
2295.0,269.0,28.0,30.0,14.0,1385.0,136.0,237.0,233.0,771.0,9,3,6
2670.0,336.0,17.0,85.0,23.0,2021.0,181.0,216.0,172.0,2420.0,9,2,6
2358.0,345.0,32.0,85.0,35.0,892.0,143.0,173.0,158.0,981.0,9,3,6
2428.0,60.0,26.0,60.0,23.0,997.0,229.0,175.0,63.0,680.0,9,3,6
2515.0,20.0,28.0,90.0,40.0,2132.0,189.0,170.0,104.0,750.0,9,2,6
2579.0,37.0,22.0,182.0,0.0,541.0,213.0,186.0,99.0,1231.0,9,2,6
2357.0,254.0,22.0,218.0,87.0,1170.0,165.0,248.0,217.0,300.0,9,3,6
2597.0,223.0,9.0,0.0,0.0,3085.0,209.0,249.0,176.0,1300.0,3,2,6
2342.0,5.0,32.0,218.0,72.0,713.0,162.0,160.0,121.0,603.0,9,3,6
2539.0,268.0,25.0,90.0,21.0,983.0,146.0,240.0,228.0,1667.0,32,2,6
2558.0,315.0,12.0,285.0,88.0,765.0,188.0,230.0,182.0,696.0,9,2,6
2370.0,54.0,31.0,67.0,35.0,272.0,221.0,159.0,50.0,301.0,2,2,6
2437.0,316.0,24.0,418.0,3.0,808.0,148.0,211.0,199.0,1148.0,9,3,6
2301.0,353.0,18.0,255.0,76.0,990.0,187.0,206.0,155.0,1261.0,9,3,6
2687.0,298.0,32.0,201.0,107.0,1357.0,115.0,209.0,226.0,953.0,32,2,6
2551.0,109.0,9.0,30.0,0.0,1531.0,235.0,231.0,127.0,674.0,10,2,6
2028.0,252.0,20.0,323.0,-29.0,603.0,173.0,249.0,212.0,883.0,0,3,6
2331.0,49.0,25.0,120.0,48.0,1265.0,221.0,177.0,76.0,1103.0,3,3,6
2699.0,22.0,10.0,192.0,20.0,2244.0,214.0,218.0,140.0,1943.0,31,2,6
2834.0,1.0,12.0,162.0,27.0,1431.0,203.0,218.0,152.0,1995.0,30,2,6
2436.0,297.0,19.0,190.0,64.0,1448.0,162.0,230.0,206.0,553.0,9,3,6
2437.0,357.0,16.0,446.0,167.0,997.0,192.0,209.0,152.0,1036.0,5,3,6
2476.0,203.0,10.0,492.0,120.0,854.0,215.0,249.0,168.0,1329.0,5,3,6
2052.0,332.0,32.0,390.0,197.0,360.0,130.0,183.0,182.0,968.0,4,3,6
2218.0,345.0,28.0,150.0,66.0,812.0,155.0,185.0,162.0,1080.0,9,3,6
2446.0,20.0,27.0,95.0,46.0,979.0,189.0,171.0,105.0,1191.0,9,2,6
2669.0,46.0,15.0,228.0,42.0,2297.0,223.0,205.0,111.0,2220.0,9,2,6
2204.0,110.0,27.0,60.0,30.0,1423.0,254.0,198.0,52.0,497.0,1,3,6
2284.0,36.0,23.0,60.0,17.0,153.0,212.0,184.0,98.0,1006.0,9,3,6
2533.0,15.0,24.0,150.0,58.0,2070.0,190.0,181.0,119.0,743.0,9,2,6
2419.0,40.0,11.0,592.0,87.0,700.0,221.0,216.0,128.0,1242.0,5,3,6
2170.0,339.0,32.0,0.0,0.0,595.0,136.0,177.0,169.0,457.0,9,3,6
2016.0,23.0,20.0,300.0,74.0,600.0,204.0,194.0,120.0,735.0,9,3,6
2759.0,317.0,26.0,192.0,25.0,1740.0,142.0,206.0,200.0,1529.0,12,2,6
2596.0,165.0,7.0,0.0,0.0,3049.0,227.0,243.0,149.0,1262.0,9,2,6
2214.0,20.0,28.0,30.0,0.0,503.0,187.0,169.0,105.0,589.0,9,3,6
2591.0,210.0,13.0,30.0,-14.0,2255.0,210.0,252.0,175.0,660.0,9,2,6
2194.0,340.0,17.0,30.0,0.0,1434.0,183.0,214.0,169.0,576.0,13,3,6
2617.0,342.0,25.0,108.0,23.0,1651.0,160.0,193.0,167.0,2831.0,9,2,6
2370.0,267.0,28.0,180.0,64.0,1256.0,138.0,238.0,232.0,1418.0,9,3,6
2274.0,302.0,19.0,242.0,88.0,1248.0,164.0,228.0,203.0,811.0,9,3,6
2243.0,329.0,13.0,42.0,9.0,1473.0,187.0,223.0,175.0,636.0,5,3,6
2055.0,9.0,21.0,134.0,57.0,382.0,191.0,192.0,133.0,591.0,9,3,6
2244.0,258.0,27.0,30.0,11.0,1350.0,145.0,243.0,229.0,532.0,16,3,6
2174.0,1.0,35.0,90.0,44.0,466.0,149.0,151.0,123.0,382.0,9,3,6
1961.0,33.0,33.0,228.0,112.0,201.0,193.0,148.0,70.0,722.0,4,3,6
1990.0,7.0,26.0,153.0,68.0,180.0,178.0,178.0,128.0,872.0,4,3,6
2186.0,350.0,19.0,283.0,147.0,446.0,183.0,205.0,158.0,685.0,9,3,6
2618.0,94.0,25.0,134.0,9.0,1940.0,250.0,195.0,59.0,2070.0,3,2,6
2271.0,309.0,18.0,108.0,16.0,1328.0,169.0,226.0,196.0,518.0,9,3,6
3369.0,59.0,8.0,242.0,-3.0,4302.0,227.0,223.0,130.0,3919.0,39,0,7
3308.0,7.0,13.0,458.0,96.0,2821.0,204.0,214.0,146.0,2279.0,37,2,7
3331.0,113.0,26.0,60.0,23.0,2010.0,253.0,203.0,61.0,849.0,39,2,7
3445.0,358.0,12.0,534.0,200.0,1084.0,201.0,217.0,154.0,1513.0,39,1,7
3503.0,105.0,11.0,541.0,10.0,1230.0,239.0,226.0,116.0,708.0,39,1,7
3402.0,118.0,13.0,430.0,245.0,1500.0,242.0,228.0,114.0,785.0,39,2,7
3243.0,216.0,13.0,192.0,21.0,3893.0,207.0,252.0,179.0,2589.0,22,0,7
3419.0,194.0,8.0,808.0,213.0,1983.0,219.0,247.0,162.0,1201.0,37,2,7
3406.0,176.0,10.0,134.0,9.0,2523.0,226.0,246.0,152.0,268.0,37,2,7
3262.0,117.0,5.0,0.0,0.0,3707.0,229.0,235.0,139.0,3730.0,37,0,7
3153.0,179.0,15.0,90.0,15.0,2304.0,225.0,248.0,151.0,2808.0,28,0,7
3323.0,121.0,15.0,277.0,69.0,1825.0,244.0,227.0,108.0,2753.0,38,0,7
3375.0,166.0,11.0,1082.0,136.0,2831.0,229.0,244.0,145.0,1736.0,37,2,7
3391.0,202.0,5.0,0.0,0.0,2777.0,218.0,244.0,163.0,511.0,37,2,7
3290.0,119.0,7.0,30.0,2.0,2335.0,233.0,234.0,133.0,335.0,34,2,7
3415.0,317.0,15.0,551.0,95.0,1571.0,179.0,225.0,186.0,785.0,38,2,7
3428.0,250.0,14.0,30.0,7.0,5332.0,189.0,249.0,198.0,3933.0,37,2,7
3252.0,352.0,29.0,684.0,156.0,1209.0,156.0,176.0,148.0,1671.0,38,2,7
3446.0,168.0,6.0,30.0,0.0,3093.0,225.0,242.0,152.0,2397.0,34,0,7
3251.0,0.0,11.0,0.0,0.0,3909.0,203.0,219.0,153.0,4119.0,38,0,7
3557.0,83.0,12.0,120.0,64.0,1566.0,237.0,218.0,110.0,1256.0,39,1,7
3321.0,354.0,15.0,60.0,12.0,4414.0,193.0,212.0,156.0,4002.0,37,0,7
3267.0,139.0,18.0,240.0,85.0,2792.0,244.0,231.0,108.0,3061.0,38,2,7
3350.0,51.0,6.0,30.0,-2.0,4460.0,223.0,227.0,139.0,4124.0,22,2,7
3403.0,194.0,15.0,564.0,111.0,4301.0,216.0,251.0,165.0,2827.0,32,2,7
3388.0,113.0,22.0,240.0,69.0,2310.0,251.0,212.0,78.0,924.0,39,2,7
3500.0,162.0,19.0,255.0,93.0,3995.0,235.0,241.0,129.0,4070.0,39,2,7
3357.0,293.0,7.0,42.0,1.0,5014.0,200.0,239.0,178.0,3663.0,37,2,7
3753.0,15.0,19.0,1019.0,344.0,4893.0,200.0,198.0,130.0,3031.0,39,2,7
3259.0,81.0,5.0,95.0,-5.0,3667.0,226.0,231.0,140.0,3837.0,37,0,7
3417.0,56.0,11.0,342.0,68.0,2848.0,227.0,218.0,123.0,1380.0,37,2,7
3416.0,71.0,25.0,85.0,19.0,1789.0,238.0,183.0,62.0,1924.0,38,1,7
3293.0,26.0,16.0,511.0,126.0,2737.0,211.0,204.0,125.0,3345.0,31,2,7
3274.0,81.0,14.0,277.0,-30.0,3152.0,238.0,214.0,104.0,1986.0,37,2,7
3837.0,16.0,16.0,853.0,61.0,4355.0,204.0,205.0,134.0,2429.0,39,2,7
3222.0,53.0,2.0,0.0,0.0,3118.0,221.0,234.0,150.0,2223.0,37,0,7
3318.0,25.0,13.0,390.0,124.0,3532.0,213.0,210.0,132.0,2001.0,30,2,7
3426.0,96.0,20.0,283.0,50.0,2547.0,248.0,206.0,77.0,1914.0,38,2,7
3361.0,88.0,7.0,67.0,4.0,2440.0,231.0,228.0,129.0,1201.0,38,2,7
3715.0,320.0,7.0,977.0,269.0,5400.0,201.0,233.0,171.0,3530.0,39,2,7
3256.0,342.0,21.0,443.0,143.0,3688.0,172.0,204.0,168.0,3541.0,39,2,7
3259.0,327.0,18.0,379.0,121.0,4447.0,173.0,217.0,182.0,1466.0,37,0,7
3353.0,357.0,23.0,752.0,165.0,1516.0,177.0,191.0,146.0,1590.0,39,2,7
3315.0,67.0,17.0,295.0,15.0,1812.0,235.0,205.0,97.0,2730.0,38,0,7
3372.0,291.0,16.0,150.0,42.0,2771.0,174.0,236.0,202.0,2326.0,38,0,7
3292.0,333.0,16.0,618.0,192.0,3467.0,182.0,218.0,175.0,3555.0,39,2,7
3416.0,354.0,10.0,446.0,77.0,1566.0,204.0,223.0,157.0,1338.0,37,2,7
3306.0,296.0,14.0,134.0,33.0,3113.0,180.0,235.0,195.0,2220.0,38,0,7
3354.0,88.0,14.0,42.0,4.0,2733.0,241.0,215.0,101.0,644.0,34,2,7
3333.0,324.0,4.0,759.0,38.0,792.0,209.0,235.0,165.0,1233.0,31,2,7
3461.0,342.0,3.0,677.0,122.0,1704.0,213.0,235.0,159.0,1370.0,39,2,7
3358.0,67.0,8.0,42.0,1.0,2419.0,228.0,224.0,129.0,1208.0,38,2,7
3450.0,0.0,13.0,408.0,102.0,4019.0,201.0,216.0,152.0,3331.0,38,2,7
3453.0,342.0,37.0,331.0,163.0,1194.0,123.0,160.0,161.0,1645.0,38,1,7
3364.0,88.0,17.0,481.0,207.0,1355.0,243.0,211.0,92.0,955.0,38,2,7
3434.0,6.0,20.0,534.0,222.0,4347.0,192.0,198.0,139.0,3703.0,38,2,7
3245.0,227.0,13.0,192.0,24.0,3827.0,202.0,252.0,185.0,2671.0,22,0,7
3222.0,67.0,13.0,212.0,17.0,1611.0,233.0,213.0,110.0,589.0,38,2,7
3376.0,301.0,11.0,120.0,27.0,2255.0,189.0,235.0,186.0,2431.0,37,2,7
3243.0,81.0,11.0,67.0,4.0,2723.0,235.0,219.0,114.0,1666.0,37,2,7
3401.0,214.0,7.0,1170.0,52.0,3064.0,214.0,247.0,169.0,1388.0,37,2,7
3247.0,70.0,16.0,295.0,-14.0,1698.0,235.0,208.0,100.0,1129.0,38,2,7
3350.0,76.0,8.0,162.0,1.0,3086.0,230.0,226.0,128.0,1708.0,37,2,7
3317.0,243.0,6.0,90.0,6.0,1194.0,207.0,245.0,176.0,1638.0,37,2,7
3310.0,54.0,10.0,424.0,86.0,2806.0,226.0,218.0,124.0,3275.0,31,2,7
3397.0,286.0,12.0,371.0,21.0,2868.0,185.0,239.0,194.0,2103.0,38,0,7
3498.0,50.0,4.0,426.0,153.0,1361.0,222.0,231.0,145.0,1766.0,39,1,7
3375.0,180.0,5.0,1050.0,173.0,2875.0,222.0,243.0,156.0,1477.0,37,2,7
3455.0,284.0,4.0,837.0,116.0,1624.0,209.0,240.0,169.0,1477.0,39,2,7
3393.0,83.0,10.0,268.0,44.0,2687.0,234.0,223.0,120.0,1591.0,37,2,7
3330.0,7.0,15.0,120.0,24.0,4480.0,202.0,210.0,144.0,4016.0,37,0,7
3421.0,54.0,15.0,708.0,210.0,3295.0,228.0,207.0,110.0,1749.0,38,2,7
3444.0,7.0,8.0,361.0,105.0,1747.0,211.0,225.0,151.0,1191.0,39,2,7
3360.0,35.0,6.0,30.0,3.0,2440.0,219.0,227.0,144.0,1237.0,38,2,7
3387.0,345.0,14.0,342.0,53.0,3666.0,191.0,217.0,164.0,3323.0,39,2,7
3508.0,156.0,6.0,451.0,15.0,1383.0,227.0,241.0,148.0,882.0,39,1,7
3321.0,36.0,7.0,408.0,97.0,2873.0,220.0,225.0,141.0,3274.0,31,2,7
3330.0,75.0,13.0,95.0,-1.0,2804.0,235.0,216.0,110.0,1761.0,37,2,7
3261.0,265.0,9.0,361.0,82.0,4499.0,198.0,244.0,185.0,1431.0,37,0,7
3396.0,301.0,11.0,134.0,23.0,2342.0,189.0,235.0,186.0,2532.0,37,2,7
3695.0,23.0,7.0,1115.0,286.0,5101.0,216.0,225.0,145.0,3372.0,39,2,7
3378.0,21.0,7.0,228.0,-18.0,2145.0,216.0,226.0,147.0,3501.0,37,0,7
3370.0,316.0,17.0,872.0,202.0,4474.0,173.0,223.0,190.0,2694.0,37,2,7
3355.0,161.0,33.0,366.0,171.0,1864.0,231.0,225.0,96.0,430.0,38,2,7
3356.0,25.0,14.0,451.0,117.0,3211.0,213.0,210.0,131.0,2285.0,31,2,7
3202.0,131.0,14.0,247.0,-4.0,2077.0,242.0,232.0,116.0,2844.0,28,0,7
3252.0,62.0,13.0,108.0,-2.0,1682.0,230.0,213.0,113.0,942.0,38,2,7
3828.0,353.0,10.0,849.0,382.0,4957.0,203.0,222.0,158.0,3021.0,39,2,7
3373.0,268.0,7.0,162.0,9.0,1597.0,202.0,243.0,179.0,895.0,37,2,7
3376.0,48.0,7.0,256.0,-20.0,2125.0,223.0,225.0,137.0,3510.0,37,0,7
3346.0,162.0,9.0,153.0,24.0,1729.0,229.0,243.0,145.0,3150.0,39,0,7
3330.0,84.0,10.0,582.0,120.0,503.0,234.0,224.0,121.0,216.0,37,1,7
3250.0,115.0,11.0,175.0,-14.0,3624.0,239.0,230.0,120.0,3918.0,37,0,7
3354.0,294.0,12.0,443.0,115.0,3288.0,186.0,237.0,191.0,3337.0,31,2,7
3454.0,286.0,4.0,830.0,115.0,1610.0,208.0,239.0,170.0,1490.0,39,2,7
3418.0,108.0,10.0,726.0,185.0,2083.0,238.0,228.0,120.0,1677.0,34,0,7
3460.0,73.0,12.0,876.0,227.0,2324.0,234.0,217.0,113.0,1448.0,34,0,7
3312.0,95.0,17.0,511.0,155.0,1209.0,245.0,213.0,92.0,1087.0,39,2,7
3261.0,245.0,14.0,247.0,34.0,4031.0,190.0,250.0,197.0,2398.0,22,0,7
3302.0,144.0,19.0,0.0,0.0,2079.0,243.0,233.0,111.0,860.0,21,2,7
3349.0,47.0,10.0,134.0,0.0,3059.0,224.0,218.0,128.0,1724.0,37,2,7
3350.0,163.0,15.0,170.0,25.0,4390.0,233.0,243.0,137.0,3245.0,32,2,7
3498.0,13.0,8.0,450.0,143.0,1354.0,213.0,225.0,149.0,1771.0,39,1,7
3345.0,25.0,18.0,395.0,106.0,3271.0,208.0,199.0,123.0,2260.0,38,2,7
3456.0,8.0,11.0,371.0,108.0,4008.0,207.0,218.0,147.0,3289.0,39,2,7
3418.0,209.0,11.0,797.0,212.0,2047.0,212.0,250.0,173.0,1140.0,37,2,7
3305.0,358.0,14.0,1263.0,288.0,1998.0,198.0,214.0,153.0,1937.0,37,2,7
3264.0,117.0,14.0,175.0,31.0,1959.0,243.0,226.0,109.0,1443.0,22,0,7
3192.0,26.0,24.0,600.0,196.0,735.0,200.0,179.0,105.0,1940.0,29,0,7
3295.0,97.0,20.0,120.0,-2.0,2440.0,248.0,207.0,79.0,3896.0,32,1,7
3517.0,110.0,33.0,395.0,124.0,2341.0,254.0,185.0,30.0,3516.0,39,0,7
3370.0,16.0,18.0,457.0,131.0,3247.0,202.0,201.0,131.0,2138.0,38,2,7
3429.0,311.0,19.0,553.0,82.0,1793.0,165.0,223.0,197.0,541.0,38,2,7
3466.0,296.0,8.0,175.0,40.0,5258.0,197.0,238.0,180.0,4080.0,37,2,7
3228.0,203.0,7.0,85.0,6.0,3976.0,217.0,247.0,166.0,2594.0,22,0,7
3357.0,157.0,7.0,1020.0,155.0,2724.0,228.0,241.0,146.0,1624.0,37,2,7
3273.0,8.0,9.0,30.0,3.0,2192.0,210.0,223.0,150.0,2787.0,38,0,7
3278.0,301.0,26.0,361.0,96.0,4275.0,139.0,219.0,215.0,2363.0,38,2,7
3333.0,58.0,10.0,182.0,10.0,2672.0,228.0,218.0,123.0,2522.0,29,0,7
3422.0,141.0,9.0,162.0,45.0,1853.0,234.0,238.0,134.0,3077.0,39,0,7
3169.0,131.0,15.0,85.0,-26.0,2445.0,243.0,231.0,114.0,2912.0,28,0,7
3328.0,23.0,18.0,134.0,3.0,3553.0,206.0,199.0,124.0,2793.0,38,2,7
3280.0,94.0,17.0,309.0,80.0,895.0,245.0,212.0,91.0,1036.0,38,2,7
3323.0,107.0,16.0,42.0,4.0,2109.0,246.0,219.0,97.0,939.0,38,2,7
3417.0,334.0,6.0,268.0,41.0,2759.0,206.0,232.0,164.0,2207.0,39,0,7
3173.0,111.0,22.0,212.0,46.0,845.0,252.0,210.0,74.0,691.0,38,2,7
3438.0,169.0,20.0,1008.0,89.0,3439.0,231.0,244.0,136.0,964.0,35,2,7
3416.0,42.0,19.0,570.0,67.0,3439.0,219.0,194.0,103.0,1480.0,38,2,7
3261.0,294.0,10.0,365.0,82.0,4511.0,191.0,238.0,187.0,1406.0,37,0,7
3326.0,206.0,7.0,495.0,31.0,1057.0,216.0,247.0,166.0,1299.0,31,2,7
3411.0,157.0,19.0,201.0,34.0,1842.0,237.0,239.0,124.0,3092.0,39,0,7
3356.0,125.0,25.0,120.0,38.0,2058.0,252.0,214.0,75.0,819.0,39,2,7
3473.0,311.0,10.0,242.0,26.0,1455.0,194.0,233.0,179.0,1854.0,39,1,7
3372.0,111.0,21.0,218.0,9.0,4070.0,251.0,212.0,78.0,3625.0,32,2,7
3433.0,270.0,11.0,993.0,251.0,4801.0,190.0,244.0,193.0,2984.0,39,2,7
3369.0,110.0,12.0,85.0,8.0,2505.0,240.0,227.0,115.0,1218.0,38,2,7
3345.0,36.0,12.0,95.0,-3.0,3019.0,219.0,212.0,127.0,1714.0,37,2,7
3335.0,79.0,11.0,108.0,13.0,1910.0,234.0,220.0,117.0,3343.0,37,0,7
3348.0,0.0,9.0,532.0,17.0,750.0,206.0,222.0,154.0,2222.0,30,2,7
3567.0,81.0,30.0,361.0,65.0,2588.0,244.0,173.0,37.0,3810.0,39,0,7
3332.0,359.0,19.0,573.0,186.0,3811.0,189.0,202.0,148.0,3593.0,39,2,7
3377.0,340.0,19.0,408.0,33.0,5221.0,176.0,209.0,169.0,3272.0,37,2,7
3434.0,10.0,9.0,361.0,95.0,1698.0,210.0,221.0,148.0,1231.0,37,2,7
3362.0,144.0,6.0,30.0,-3.0,2846.0,229.0,239.0,143.0,655.0,37,2,7
3282.0,53.0,5.0,30.0,0.0,4002.0,223.0,229.0,142.0,3761.0,37,0,7
3438.0,356.0,13.0,690.0,99.0,1557.0,198.0,216.0,155.0,1473.0,39,2,7
3395.0,324.0,22.0,162.0,10.0,1398.0,158.0,210.0,188.0,1714.0,38,1,7
3374.0,120.0,20.0,90.0,22.0,2799.0,250.0,219.0,88.0,711.0,34,2,7
3477.0,112.0,17.0,350.0,91.0,2613.0,247.0,220.0,96.0,1797.0,39,2,7
3231.0,125.0,8.0,60.0,4.0,4153.0,234.0,235.0,133.0,2536.0,37,0,7
3448.0,311.0,25.0,127.0,1.0,1518.0,146.0,214.0,204.0,1869.0,38,1,7
3361.0,342.0,1.0,30.0,-1.0,2482.0,217.0,237.0,157.0,1259.0,38,2,7
3376.0,337.0,10.0,255.0,11.0,2614.0,197.0,225.0,167.0,2431.0,37,2,7
3373.0,195.0,15.0,774.0,134.0,4390.0,216.0,251.0,165.0,2368.0,37,2,7
3235.0,92.0,20.0,216.0,69.0,1443.0,246.0,206.0,80.0,1401.0,29,0,7
3387.0,170.0,13.0,408.0,133.0,2215.0,229.0,245.0,146.0,576.0,37,2,7
3403.0,324.0,6.0,404.0,34.0,1875.0,205.0,233.0,168.0,671.0,37,2,7
3334.0,165.0,18.0,42.0,2.0,1973.0,233.0,243.0,133.0,966.0,38,2,7
3421.0,195.0,11.0,1020.0,72.0,3207.0,218.0,249.0,164.0,1380.0,37,2,7
3429.0,99.0,5.0,190.0,6.0,1127.0,228.0,233.0,140.0,969.0,39,1,7
3376.0,345.0,11.0,633.0,37.0,1350.0,199.0,223.0,163.0,1406.0,37,2,7
3388.0,152.0,11.0,845.0,149.0,2823.0,234.0,240.0,135.0,2233.0,38,2,7
3365.0,188.0,2.0,60.0,1.0,2738.0,219.0,240.0,157.0,648.0,37,2,7
3394.0,254.0,8.0,313.0,50.0,3509.0,203.0,245.0,181.0,2389.0,37,2,7
3200.0,149.0,35.0,182.0,43.0,1209.0,240.0,215.0,73.0,914.0,38,2,7
3545.0,63.0,11.0,127.0,52.0,1509.0,230.0,218.0,121.0,1168.0,39,1,7
3384.0,129.0,3.0,360.0,72.0,1345.0,225.0,237.0,147.0,2838.0,37,0,7
3491.0,16.0,14.0,630.0,143.0,4287.0,208.0,211.0,138.0,3430.0,38,2,7
3367.0,121.0,12.0,735.0,128.0,2941.0,240.0,230.0,117.0,2463.0,38,2,7
3320.0,175.0,9.0,510.0,99.0,1006.0,225.0,245.0,153.0,1116.0,31,2,7
3412.0,146.0,22.0,283.0,183.0,3759.0,244.0,231.0,105.0,3181.0,32,2,7
3404.0,135.0,6.0,595.0,171.0,2052.0,229.0,237.0,142.0,1597.0,34,0,7
3295.0,293.0,7.0,120.0,11.0,4901.0,200.0,239.0,178.0,3132.0,37,2,7
3273.0,338.0,18.0,216.0,33.0,2014.0,178.0,211.0,171.0,391.0,38,2,7
3441.0,309.0,14.0,646.0,72.0,2059.0,182.0,230.0,188.0,630.0,37,2,7
3292.0,30.0,13.0,268.0,-9.0,1933.0,216.0,211.0,129.0,1195.0,38,2,7
3417.0,204.0,11.0,1020.0,68.0,3226.0,214.0,250.0,170.0,1320.0,37,2,7
3412.0,30.0,14.0,797.0,183.0,780.0,215.0,209.0,128.0,295.0,37,1,7
3225.0,4.0,12.0,940.0,208.0,2068.0,204.0,216.0,149.0,2249.0,37,2,7
3251.0,303.0,17.0,210.0,49.0,4243.0,171.0,230.0,198.0,1379.0,37,0,7
3397.0,202.0,7.0,824.0,191.0,1419.0,217.0,246.0,165.0,1772.0,37,2,7
3347.0,91.0,19.0,170.0,29.0,2329.0,245.0,207.0,84.0,2671.0,38,0,7
3411.0,284.0,11.0,592.0,111.0,1565.0,190.0,240.0,190.0,840.0,38,2,7
3507.0,30.0,7.0,390.0,14.0,1328.0,218.0,226.0,143.0,872.0,39,1,7
3277.0,92.0,14.0,124.0,8.0,2729.0,241.0,217.0,103.0,1661.0,37,2,7
3421.0,121.0,12.0,537.0,58.0,792.0,241.0,230.0,116.0,547.0,39,1,7
3300.0,16.0,20.0,192.0,11.0,2188.0,199.0,194.0,127.0,424.0,38,2,7
3373.0,297.0,10.0,391.0,47.0,1450.0,193.0,237.0,184.0,874.0,38,2,7
3352.0,81.0,6.0,201.0,30.0,1884.0,229.0,229.0,134.0,3255.0,37,0,7
3242.0,34.0,17.0,780.0,108.0,2239.0,215.0,201.0,117.0,2282.0,37,2,7
3378.0,63.0,5.0,242.0,-18.0,2148.0,225.0,229.0,139.0,3539.0,37,0,7
3332.0,65.0,12.0,0.0,0.0,2898.0,232.0,215.0,113.0,1758.0,37,2,7
3341.0,166.0,10.0,1131.0,102.0,2649.0,229.0,244.0,145.0,1943.0,38,2,7
3360.0,15.0,11.0,0.0,0.0,4631.0,210.0,217.0,143.0,4228.0,22,2,7
3286.0,66.0,10.0,426.0,122.0,2687.0,230.0,219.0,121.0,3254.0,31,2,7
3433.0,94.0,11.0,811.0,200.0,2131.0,238.0,223.0,115.0,1608.0,34,0,7
3451.0,329.0,6.0,785.0,112.0,1599.0,207.0,233.0,165.0,1504.0,39,2,7
3289.0,104.0,8.0,30.0,0.0,4120.0,234.0,230.0,129.0,3719.0,37,0,7
3340.0,9.0,10.0,0.0,0.0,1523.0,209.0,221.0,149.0,1717.0,37,1,7
3390.0,322.0,8.0,446.0,51.0,1506.0,200.0,232.0,172.0,1172.0,37,2,7
